MSOA11CD,year,income,imd,oa,pop,unem,edu,mig
E02000001,2011,55793,0.054,0,7375,3,68.4,37.4
E02000001,2021,62700,0.059,1,8583,3.5,74.2,24.7
E02000002,2011,26593,0.307,0,6775,7.7,18.2,18.1
E02000002,2021,32500,0.211,0,8281,4.7,30.9,6.5
E02000003,2011,30243,0.19,0,10045,6.4,23.5,18.7
E02000003,2021,39200,0.142,0,11542,4.3,34,9.2
E02000004,2011,29721,0.153,0,6182,6.7,17.9,15.5
E02000004,2021,38900,0.138,0,6640,4.2,30.7,8.7
E02000005,2011,27114,0.23,0,8562,6.6,17.6,18.8
E02000005,2021,35200,0.165,0,11082,4,33.8,8.4
E02000007,2011,26593,0.332,0,8791,8.8,17.6,22
E02000007,2021,28400,0.217,0,10162,4.4,31.7,8.1
E02000008,2011,26071,0.274,0,11569,7.3,16.2,19
E02000008,2021,30800,0.206,0,13250,5,28.5,7.1
E02000009,2011,26593,0.245,0,8395,7.6,19.6,22.7
E02000009,2021,34600,0.215,0,12863,4.7,33.5,8.6
E02000010,2011,26071,0.282,0,8615,6.8,17.4,18.5
E02000010,2021,29300,0.221,0,9485,4.6,31,7.2
E02000011,2011,28679,0.178,0,6187,6.1,19.5,20.7
E02000011,2021,33500,0.148,0,7030,4.3,31.1,8.2
E02000012,2011,29721,0.173,0,9888,4.9,24.8,17.1
E02000012,2021,41500,0.123,1,11513,3.8,34.2,6.7
E02000013,2011,26593,0.29,0,8402,6.6,17.1,17
E02000013,2021,32100,0.209,1,9398,4.4,30.1,7.9
E02000014,2011,26071,0.27,0,9402,7.4,16.6,19.3
E02000014,2021,29300,0.203,1,9865,4.9,28.3,7.1
E02000015,2011,26071,0.329,0,7563,9.3,18,22.1
E02000015,2021,30200,0.235,1,8228,5.5,32.6,7.1
E02000016,2011,26593,0.328,0,7676,8.2,35.9,35.2
E02000016,2021,35200,0.211,1,10568,6.3,43.9,16
E02000017,2011,28679,0.183,0,8498,6.1,29.7,26.8
E02000017,2021,40200,0.145,1,9133,4.5,34.6,10.2
E02000018,2011,26071,0.289,0,8890,7.7,18.3,21.8
E02000018,2021,31000,0.209,1,9552,5.3,31.7,7.8
E02000019,2011,27114,0.256,0,8276,7.2,19.9,17.6
E02000019,2021,34500,0.197,1,9663,5,31.8,9.1
E02000020,2011,27114,0.254,0,9276,7.6,24.1,20.8
E02000020,2021,35200,0.194,1,14055,4.8,37.7,7.8
E02000021,2011,26593,0.243,0,7904,6.7,20.9,24
E02000021,2021,30100,0.184,1,8759,4.7,31.4,8.5
E02000022,2011,23986,0.44,0,8777,10.2,25.1,21.6
E02000022,2021,29000,0.255,1,7741,5.3,42.9,9.4
E02000023,2011,25550,0.335,0,6482,8.9,22.7,21.4
E02000023,2021,34700,0.237,1,8019,5.2,36.9,9
E02000024,2011,38586,0.063,0,10156,3.4,46.2,18.9
E02000024,2021,46600,0.061,0,10841,3.3,55.8,9.1
E02000025,2011,35979,0.118,0,7956,4.2,39.7,21.8
E02000025,2021,44400,0.109,0,8582,4.2,48.3,10.1
E02000026,2011,35457,0.09,0,6313,3.6,39.6,21.5
E02000026,2021,45300,0.079,0,6458,3,46.7,8.9
E02000027,2011,29721,0.197,0,9598,5.7,28.4,16.9
E02000027,2021,40800,0.155,0,9646,3.7,40.4,7.5
E02000028,2011,37543,0.112,0,6166,3.7,41.2,22.4
E02000028,2021,45400,0.099,0,6533,3.3,49.6,10.6
E02000029,2011,33893,0.132,0,8517,5.1,35.9,21.4
E02000029,2021,45500,0.124,0,9677,4.3,43.2,9.7
E02000030,2011,36500,0.092,0,9130,3.5,39.3,18.6
E02000030,2021,46700,0.079,0,9457,2.2,48.1,7.9
E02000031,2011,38064,0.086,0,7294,3.1,43.3,22.1
E02000031,2021,45300,0.067,0,8331,3.3,56.5,10.4
E02000032,2011,35979,0.079,0,7857,3.3,37.6,15.8
E02000032,2021,52000,0.068,0,7939,3.1,47,6.2
E02000033,2011,31286,0.167,0,8537,5.9,31.4,18.8
E02000033,2021,47100,0.125,0,8891,3.5,42.7,7.7
E02000034,2011,34936,0.145,0,8508,4.2,39.8,22.4
E02000034,2021,45000,0.104,0,9089,3.4,48.9,8.9
E02000035,2011,37543,0.127,0,7965,4,46.7,27.2
E02000035,2021,46000,0.112,0,8530,3.9,55.5,13.9
E02000036,2011,32850,0.168,0,10743,4.6,34.8,19.7
E02000036,2021,46400,0.112,0,11244,3.1,44.6,7.2
E02000037,2011,33371,0.165,0,9741,4.4,37.4,18.7
E02000037,2021,47200,0.086,0,10835,3.4,49.2,7.8
E02000038,2011,34936,0.143,0,10514,4.4,40.1,23.6
E02000038,2021,46100,0.104,0,10719,3.1,48.5,9.8
E02000039,2011,39107,0.083,0,6675,2.9,46.4,21
E02000039,2021,47800,0.072,1,7168,2.9,52.8,10.4
E02000040,2011,32850,0.198,0,7197,5.1,37.5,26.6
E02000040,2021,43500,0.112,0,9139,3.1,52.9,13.3
E02000041,2011,31286,0.162,0,8811,4.3,34.4,22.1
E02000041,2021,43100,0.125,0,9455,3.8,42.4,8.7
E02000042,2011,35457,0.146,0,10639,4.4,44.2,28.6
E02000042,2021,46500,0.114,0,11560,3.9,50.8,13.1
E02000043,2011,40671,0.067,0,7696,3.4,52.7,23.4
E02000043,2021,51900,0.051,0,7570,2.5,61.6,10.3
E02000044,2011,29200,0.223,0,8071,5.8,30,21.8
E02000044,2021,42400,0.157,1,8844,4.7,40,7.9
E02000045,2011,32329,0.209,0,10237,5.6,37.8,22.1
E02000045,2021,44700,0.147,0,10524,4.8,45.2,9.2
E02000046,2011,40150,0.103,0,7063,4.2,50.2,33.3
E02000046,2021,51200,0.081,0,6962,4,57.5,14.8
E02000047,2011,26071,0.268,0,11373,6,25,24.2
E02000047,2021,41000,0.176,1,12397,4.7,35.9,9.9
E02000048,2011,38064,0.109,0,9817,3.7,46.2,22.8
E02000048,2021,45600,0.084,1,10283,3.4,53.7,8.9
E02000049,2011,24507,0.394,0,8503,7.4,25.2,22.6
E02000049,2021,37500,0.265,1,10532,5.5,41.9,7.8
E02000050,2011,34414,0.191,0,10064,4.7,41.2,24.8
E02000050,2021,43500,0.137,0,10380,4.7,49.7,10.6
E02000051,2011,39107,0.107,0,8647,3.8,47.5,28.1
E02000051,2021,46000,0.079,0,9160,5,55.5,11.8
E02000052,2011,40150,0.148,0,9698,4,53.9,29.8
E02000052,2021,47000,0.098,0,9849,3.9,61.2,12.9
E02000054,2011,33893,0.125,0,8697,3.9,43.1,24.3
E02000054,2021,44700,0.106,1,7631,3.3,49.6,14.1
E02000055,2011,32850,0.134,0,7206,3.6,41.1,47.8
E02000055,2021,44300,0.096,0,11723,4.6,46.3,17.2
E02000056,2011,43279,0.053,0,11130,2.6,56.8,18.4
E02000056,2021,55700,0.044,0,9132,2.4,64.4,10.8
E02000057,2011,33893,0.128,1,9212,4.5,40.4,22
E02000057,2021,44900,0.084,1,8013,4.1,45.5,12.9
E02000058,2011,41193,0.081,0,7484,3.3,51.9,36.5
E02000058,2021,45500,0.07,0,10227,2.8,55.9,11.3
E02000059,2011,27636,0.212,1,10220,5.6,30.4,26.7
E02000059,2021,40900,0.136,1,11626,4.3,43.2,12.4
E02000060,2011,34414,0.117,0,10459,3.9,40,26
E02000060,2021,39200,0.096,0,11557,2.8,39.7,10.5
E02000061,2011,42236,0.051,1,10920,3.9,56,25.9
E02000061,2021,45300,0.074,1,8345,3.2,60.7,17.6
E02000062,2011,28157,0.242,1,8013,6.3,29.8,22.4
E02000062,2021,40600,0.195,1,6958,5.2,39.5,10.1
E02000063,2011,31286,0.208,1,6340,5.5,35.7,30.3
E02000063,2021,43900,0.149,1,7584,4.3,44.3,10.7
E02000064,2011,32329,0.195,1,6971,5.6,39.6,28.6
E02000064,2021,41900,0.169,1,6674,4.2,50.6,14
E02000065,2011,29200,0.193,1,6248,7.7,31.7,28.7
E02000065,2021,36400,0.16,1,8062,5.3,40.8,8.5
E02000066,2011,26071,0.257,1,7666,8.3,24.2,26.1
E02000066,2021,29600,0.209,1,9430,5.2,35.1,7
E02000067,2011,28157,0.193,1,9641,6,22.2,18.5
E02000067,2021,35100,0.169,1,10231,4.3,34.5,10.2
E02000068,2011,28157,0.213,0,8750,7.1,23.2,17.1
E02000068,2021,33400,0.197,0,8176,4.8,33.7,9.6
E02000069,2011,29200,0.135,0,7388,4.4,22.3,13.7
E02000069,2021,35200,0.128,0,7212,3.2,34,10.2
E02000070,2011,30243,0.08,1,6194,3.5,19.2,18.1
E02000070,2021,39000,0.081,1,8111,2.6,29,6.9
E02000071,2011,29200,0.123,0,7875,4,17.7,14
E02000071,2021,35200,0.121,0,7672,3.8,26,7.3
E02000072,2011,25550,0.265,0,7300,8.6,19.7,26.8
E02000072,2021,33000,0.202,0,12924,4.8,36,9.1
E02000073,2011,30764,0.072,0,11734,3.2,20.2,9.8
E02000073,2021,40900,0.055,0,10726,2.7,29.7,5.3
E02000074,2011,26593,0.208,0,10724,5.9,15.7,11.2
E02000074,2021,31700,0.193,0,8861,4.2,27.6,5.5
E02000075,2011,31286,0.076,0,7655,2.7,20.1,10
E02000075,2021,39900,0.062,0,7986,2.2,28.8,5.7
E02000077,2011,29200,0.1,0,7948,3.5,18.4,12.2
E02000077,2021,39200,0.082,0,8140,3.4,30.2,7.2
E02000078,2011,31286,0.068,0,7823,3.1,20.7,10.5
E02000078,2021,38600,0.064,0,7933,2.5,29.4,7
E02000079,2011,32329,0.082,0,7665,3.3,25.5,19.3
E02000079,2021,39400,0.087,0,8770,3,34.1,10.9
E02000080,2011,30243,0.088,0,7865,4.2,19.4,17.1
E02000080,2021,39600,0.076,0,10065,2.9,31.5,6.5
E02000081,2011,30764,0.11,0,9430,4.1,19.7,10.6
E02000081,2021,38400,0.091,0,8306,2.7,29.8,7.4
E02000082,2011,32329,0.065,0,7513,3.3,20.3,14.9
E02000082,2021,41300,0.047,0,9336,2.4,29.2,7.3
E02000083,2011,29200,0.147,0,8876,4.7,19.1,16
E02000083,2021,35900,0.12,0,11271,3.2,30.7,7.7
E02000084,2011,33371,0.055,0,9771,3.2,24.1,14.2
E02000084,2021,41400,0.056,0,11115,2.6,33.1,7.3
E02000085,2011,30243,0.09,0,10641,3.1,17.1,10.6
E02000085,2021,37500,0.073,0,7961,2.4,25.4,8
E02000086,2011,33893,0.051,0,7893,2.8,20.9,12.5
E02000086,2021,39700,0.046,0,7178,2.1,27.8,6.7
E02000087,2011,35979,0.051,0,7328,2.7,29.8,15.5
E02000087,2021,41900,0.046,0,8209,2.4,36.6,8.4
E02000088,2011,32329,0.063,0,7579,2.6,21.7,13.2
E02000088,2021,42500,0.049,0,7750,1.8,29.8,7
E02000089,2011,32850,0.06,0,7737,3,23.3,13.1
E02000089,2021,44200,0.053,0,7869,2.3,30.5,6.4
E02000090,2011,32850,0.083,0,7783,3.3,27.1,23.1
E02000090,2021,36400,0.077,0,9639,2.8,35,12.5
E02000091,2011,32850,0.093,0,8726,3.3,27.3,21.4
E02000091,2021,36800,0.089,0,10164,2.8,34.4,9
E02000092,2011,28679,0.218,0,9682,5.1,19.4,9.2
E02000092,2021,34300,0.179,0,6753,3.9,27,7.2
E02000093,2011,30243,0.17,0,6426,4.4,31.1,31.4
E02000093,2021,47000,0.123,0,11877,3.6,37.4,12.1
E02000094,2011,28679,0.209,0,10883,4.7,27.9,15.6
E02000094,2021,46000,0.119,0,10460,4,39.8,10.2
E02000095,2011,29721,0.223,0,8746,5.3,32.5,21.5
E02000095,2021,47500,0.113,0,10461,3.8,38.3,9.1
E02000096,2011,37021,0.098,0,9921,3.8,43.6,17.1
E02000096,2021,45600,0.075,0,7632,2.9,49,7.4
E02000097,2011,28157,0.2,0,7598,5,27.1,21.9
E02000097,2021,47300,0.121,0,9532,3.8,35.4,9.4
E02000098,2011,32329,0.208,0,8958,4.9,36.2,21.5
E02000098,2021,41800,0.149,1,8742,3.7,42.1,8.4
E02000099,2011,31286,0.216,0,7944,5,35.8,27.6
E02000099,2021,49100,0.121,0,9560,3.8,40.9,12.5
E02000100,2011,37543,0.112,0,8707,3.3,42.7,28
E02000100,2021,47100,0.068,0,8319,3.4,49.8,12.4
E02000101,2011,28157,0.315,0,8388,6.3,32.3,25.1
E02000101,2021,37500,0.183,1,9937,4.5,38.6,10
E02000102,2011,26071,0.314,0,9332,7.2,21.3,18
E02000102,2021,39200,0.197,1,8328,4.2,27.2,8.2
E02000103,2011,27114,0.297,1,7787,6.1,27.1,25.2
E02000103,2021,41100,0.198,1,9973,5.4,36.5,9.9
E02000104,2011,29721,0.181,0,8723,5.1,34.9,18.6
E02000104,2021,41400,0.136,1,7505,3.8,39,9.6
E02000105,2011,28679,0.213,0,6767,5.1,34.7,36.5
E02000105,2021,42100,0.136,0,9844,3.9,39,11.2
E02000106,2011,27114,0.279,0,9202,6.8,25.6,28.2
E02000106,2021,36900,0.18,1,10353,5.8,31.8,11.7
E02000107,2011,31807,0.199,1,10217,5.6,40.2,36.1
E02000107,2021,43500,0.144,1,10939,4.3,43.5,15.5
E02000108,2011,28679,0.228,0,10692,5,31.9,16
E02000108,2021,41900,0.123,0,7259,3.9,38.3,10.3
E02000110,2011,33893,0.178,0,6584,5.3,41.2,38.8
E02000110,2021,45100,0.13,0,8175,4.9,48.2,13.7
E02000111,2011,27636,0.205,0,9864,4.8,30.3,23.6
E02000111,2021,37000,0.129,1,11284,4,33.2,11.2
E02000112,2011,28679,0.21,0,8087,5.4,28.5,31.3
E02000112,2021,40200,0.126,1,11749,4.8,33.7,17.8
E02000113,2011,23464,0.422,0,9782,8.4,18.9,17
E02000113,2021,33500,0.285,1,9630,6.7,28.2,7.3
E02000114,2011,31286,0.228,0,9432,5.8,39.3,34
E02000114,2021,39400,0.154,0,8996,4.6,44.5,18.5
E02000115,2011,36500,0.197,0,9655,5.2,51.2,34.5
E02000115,2021,44300,0.149,0,8622,4.6,54.5,16.7
E02000116,2011,25550,0.35,0,9010,6.9,27.2,27
E02000116,2021,35400,0.218,0,8549,5.5,33.4,13.8
E02000117,2011,24507,0.366,0,8340,9.1,20.3,33.1
E02000117,2021,31800,0.261,1,12733,6.3,31.2,9.3
E02000118,2011,25550,0.22,0,8153,5.2,24.3,23.1
E02000118,2021,36200,0.119,1,11293,3.9,28.1,11.1
E02000119,2011,24507,0.46,0,12013,8.8,22.6,12.3
E02000119,2021,34700,0.265,1,10625,5.6,37.6,11.5
E02000120,2011,35979,0.213,0,9425,5,49,37.3
E02000120,2021,43100,0.156,0,9014,5.1,55.6,19.7
E02000121,2011,27636,0.163,0,7248,4.7,28.8,27
E02000121,2021,36600,0.128,0,12239,4.1,31.7,10.7
E02000122,2011,37021,0.158,0,9214,4.4,43.6,22.9
E02000122,2021,46300,0.117,0,8177,4.7,52.9,12.6
E02000123,2011,26071,0.321,0,8933,8.3,25,48.6
E02000123,2021,32800,0.214,1,13578,5.7,35.5,12.9
E02000124,2011,38586,0.175,0,8079,4.7,49.9,41.4
E02000124,2021,47700,0.124,0,9954,4,58.6,15
E02000125,2011,35979,0.184,0,14719,5.1,41,20.3
E02000125,2021,45400,0.122,0,9940,4.4,50.6,12.4
E02000126,2011,26071,0.433,0,10222,9.9,27.9,15.9
E02000126,2021,34000,0.282,0,8195,6.7,41.9,10.4
E02000127,2011,28679,0.25,0,10815,6.3,20.6,13.6
E02000127,2021,34600,0.204,0,9330,4.4,32.9,7.7
E02000128,2011,34414,0.112,0,7775,3.3,31.6,17.4
E02000128,2021,42200,0.086,0,7789,3,39.5,7.7
E02000130,2011,35457,0.138,0,8483,5.4,41.8,22.2
E02000130,2021,42700,0.112,0,8426,3.9,55.5,10.3
E02000131,2011,35979,0.189,0,7294,6.3,42.9,40
E02000131,2021,38300,0.143,0,10485,4.7,57.6,14
E02000132,2011,40671,0.112,0,7914,4.5,43.4,31.1
E02000132,2021,41800,0.1,0,9834,3.9,53.6,13.4
E02000133,2011,42757,0.043,0,8954,2.4,46,22.4
E02000133,2021,47500,0.04,0,10755,2,52.7,9.5
E02000134,2011,35457,0.128,0,8567,4.4,40.1,33
E02000134,2021,43500,0.11,0,11751,3.7,50.1,12.6
E02000135,2011,26071,0.305,0,9606,8.2,26.8,22.9
E02000135,2021,34300,0.236,0,9871,4.9,39.2,10.2
E02000136,2011,31807,0.137,0,10773,3.8,26.7,9.4
E02000136,2021,41400,0.121,0,5745,3.3,35.9,8.3
E02000137,2011,39629,0.079,0,9734,2.9,42,18.3
E02000137,2021,43100,0.06,0,8400,2.6,50.6,10
E02000138,2011,41193,0.043,0,5728,2.5,46.6,32.5
E02000138,2021,43600,0.041,0,8502,2.8,53.5,11.2
E02000139,2011,38064,0.097,0,7826,3.7,41.3,20.3
E02000139,2021,43500,0.074,0,7714,2.8,52.5,10.3
E02000140,2011,26071,0.273,0,7936,6.2,15.4,16.2
E02000140,2021,33900,0.231,0,8679,4.1,27.6,6.5
E02000141,2011,34936,0.118,0,7284,5.7,33.4,19.7
E02000141,2021,40600,0.105,0,7232,4.5,47.3,9.8
E02000142,2011,38064,0.068,0,8041,3,39.1,22.2
E02000142,2021,46500,0.056,0,8818,2.7,48.7,9.1
E02000144,2011,40671,0.064,0,6940,3.9,44.3,30.5
E02000144,2021,47200,0.051,0,10063,3.2,55.2,13.5
E02000145,2011,26593,0.272,0,8285,6.4,18.1,18.4
E02000145,2021,34500,0.217,0,8824,3.6,31.7,6.8
E02000146,2011,35979,0.086,0,8681,3.4,34.8,19.5
E02000146,2021,42600,0.066,0,9702,2.9,45.9,10.9
E02000147,2011,40150,0.037,0,8086,2.7,42.8,15.3
E02000147,2021,44300,0.036,0,8190,2,49.3,7.3
E02000148,2011,37543,0.052,0,8324,2.7,37,11
E02000148,2021,46000,0.044,0,6723,2.4,46.1,7.3
E02000149,2011,29721,0.181,0,7969,5,20.8,14.5
E02000149,2021,37800,0.157,0,8166,3.4,32.4,7.8
E02000150,2011,34414,0.059,0,6585,2.9,30.7,18.5
E02000150,2021,46200,0.056,0,8516,3.2,41.6,7.4
E02000151,2011,38586,0.035,0,7708,2.3,35.5,13.2
E02000151,2021,45300,0.028,0,7543,1.7,45.1,6.3
E02000152,2011,29200,0.188,0,8351,5.6,22.5,12.4
E02000152,2021,38700,0.15,0,7964,3.4,34.7,7.9
E02000153,2011,34414,0.049,0,7574,2.3,30.1,12.6
E02000153,2021,46600,0.037,0,8106,2.3,39.4,5.8
E02000154,2011,34936,0.088,0,6572,3.2,34,22.2
E02000154,2021,40900,0.073,0,8529,2.8,45.5,9.4
E02000155,2011,31286,0.094,0,7755,3.9,21,12.6
E02000155,2021,37300,0.094,0,7156,2.5,30.7,8.1
E02000156,2011,34936,0.05,0,7959,2.5,32.6,21.1
E02000156,2021,43500,0.041,0,12292,2.1,39.7,7.1
E02000157,2011,36500,0.034,0,6905,2.4,33.7,13.8
E02000157,2021,44900,0.027,0,8367,2.3,42.6,7.2
E02000158,2011,31807,0.17,0,12094,4.6,26.1,10.2
E02000158,2021,41900,0.12,0,7788,3.3,36.8,7.2
E02000159,2011,34936,0.05,0,7964,2.5,31.6,13.4
E02000159,2021,43300,0.041,0,7117,2.4,36.4,7.2
E02000160,2011,35457,0.054,0,7364,3,31.2,15.8
E02000160,2021,43800,0.039,0,8108,2.7,37.9,6.9
E02000161,2011,35457,0.046,0,6812,2.6,33.2,18.5
E02000161,2021,44100,0.034,0,8702,2.3,42.7,7.2
E02000162,2011,31286,0.099,0,7856,3.1,26.8,11.8
E02000162,2021,37100,0.086,0,7121,2.8,34.1,8.2
E02000163,2011,37021,0.065,0,8410,2.6,33.1,12.8
E02000163,2021,41700,0.061,0,7716,2,40.4,7.5
E02000165,2011,32850,0.064,0,6693,3.3,22.3,13.3
E02000165,2021,39900,0.059,0,7172,2.2,26.8,6.7
E02000166,2011,38586,0.189,0,7650,4.6,54.3,24.6
E02000166,2021,46100,0.149,0,7745,4.1,59.4,10.9
E02000167,2011,52143,0.057,0,7045,2.5,68.3,34.8
E02000167,2021,59200,0.04,0,7198,2.5,75.2,17.4
E02000168,2011,41714,0.168,0,7924,4.1,57.9,27.8
E02000168,2021,48200,0.114,0,7813,3.6,64.1,14.6
E02000169,2011,45364,0.064,0,7944,2.5,58.6,36.6
E02000169,2021,62400,0.038,0,7177,2.6,70.1,16.5
E02000170,2011,45886,0.117,0,8172,3.9,60.9,38.7
E02000170,2021,52700,0.093,0,7916,3.2,66.8,18
E02000171,2011,42757,0.142,0,7637,4.3,59,30.1
E02000171,2021,55000,0.111,0,7393,3.7,65.5,14.6
E02000172,2011,29200,0.308,0,8338,6,37,36.1
E02000172,2021,42100,0.219,0,9997,5,44.7,14.1
E02000173,2011,51100,0.095,0,7818,3.1,67.1,39.4
E02000173,2021,57600,0.06,0,7493,3.1,73.5,20.2
E02000174,2011,35457,0.235,0,10147,4.8,52.2,24.6
E02000174,2021,42600,0.165,0,8086,4.1,55.2,14.6
E02000175,2011,43800,0.145,0,7675,4.2,62.3,47.4
E02000175,2021,51500,0.099,0,9082,3.6,66.5,22
E02000176,2011,50579,0.067,0,8714,2.8,69.2,25.8
E02000176,2021,55800,0.047,0,5914,2.6,74.9,19.3
E02000177,2011,32850,0.281,0,8848,5.8,42.5,29.3
E02000177,2021,41100,0.197,0,8488,4.7,49.5,14.6
E02000178,2011,34936,0.217,0,6373,5.4,49.1,54.2
E02000178,2021,40900,0.195,0,8903,4.4,56,20
E02000179,2011,40671,0.194,0,8948,4.9,54.4,23
E02000179,2021,49400,0.129,0,5748,3.6,62.2,13.5
E02000180,2011,32850,0.222,0,8857,4.7,47.4,40.7
E02000180,2021,44200,0.162,0,7879,4.9,55.5,17.6
E02000181,2011,49014,0.116,0,6329,3,67.8,50.3
E02000181,2021,60100,0.097,0,8076,3.3,73.1,20.6
E02000182,2011,39629,0.162,0,8202,4.1,53.3,28.2
E02000182,2021,49300,0.1,0,7120,3.4,62.4,18.8
E02000183,2011,41193,0.149,0,7708,3.4,57.8,29.7
E02000183,2021,50500,0.127,1,7591,3.3,62.8,15.9
E02000184,2011,29200,0.276,1,6697,5.8,38.5,51.1
E02000184,2021,40800,0.208,1,8908,5,47.6,23
E02000185,2011,31286,0.299,0,7913,6.5,41,32.8
E02000185,2021,37900,0.232,0,8882,5.3,45.7,14.7
E02000186,2011,34936,0.176,0,8882,4.2,51.4,32
E02000186,2021,46100,0.148,1,6223,4,56.1,22.9
E02000187,2011,24507,0.341,1,8290,6,25.1,28.4
E02000187,2021,37800,0.242,1,9783,5.1,41.4,15.4
E02000188,2011,25550,0.279,0,6687,5.6,26.6,48.5
E02000188,2021,37200,0.22,1,7180,5.4,38.4,16.5
E02000191,2011,34414,0.091,1,8155,2.2,43.8,66.6
E02000191,2021,47800,0.074,1,5337,2.1,48.6,40
E02000192,2011,33893,0.247,0,8322,5.7,44.9,24
E02000192,2021,43000,0.178,0,6659,4.9,51.9,14
E02000193,2011,39107,0.132,1,5944,3.6,51.8,57
E02000193,2021,44500,0.091,1,5961,3.5,58.3,23.4
E02000194,2011,35979,0.185,0,7530,6.5,43.3,30.2
E02000194,2021,39400,0.147,0,9211,4.2,53.6,12.7
E02000195,2011,34414,0.13,0,7497,4.6,36.4,22.6
E02000195,2021,43600,0.094,0,9649,4,45.5,7.5
E02000196,2011,30243,0.214,0,7157,6.3,31.1,19.5
E02000196,2021,41800,0.146,0,7914,4.4,40.2,9.8
E02000197,2011,30243,0.195,0,7630,5.4,32.3,25.1
E02000197,2021,41100,0.126,0,9025,4.5,41.2,8.8
E02000198,2011,28157,0.222,0,8696,7.3,28.2,20.8
E02000198,2021,38500,0.187,0,8888,6,37,10.2
E02000199,2011,30764,0.176,0,9152,7.1,30.2,17.3
E02000199,2021,42200,0.132,0,8414,4.8,40.9,8.9
E02000200,2011,31807,0.185,0,7403,7.5,34.3,28.8
E02000200,2021,38700,0.148,0,9049,4.4,48.4,11.7
E02000201,2011,28157,0.255,0,9094,8.6,28.8,20.6
E02000201,2021,33300,0.204,0,8692,5.8,40.8,9.2
E02000202,2011,29200,0.153,0,8070,6,29.2,21.1
E02000202,2021,41100,0.129,0,8929,4.7,36.8,9.2
E02000203,2011,28157,0.214,0,8430,6.6,28.6,20.7
E02000203,2021,34500,0.186,0,7965,4.7,36.3,10.1
E02000204,2011,29200,0.167,0,8294,5.9,28.2,24.2
E02000204,2021,39400,0.14,0,9656,5.2,36.5,9.1
E02000206,2011,28157,0.243,0,8281,7.9,27.8,29.7
E02000206,2021,34400,0.205,1,10818,6,37.4,10.5
E02000207,2011,29200,0.245,0,8548,7.5,26.9,19.6
E02000207,2021,37300,0.177,0,8902,5.4,37.2,9
E02000208,2011,24507,0.265,0,7539,6.8,27.7,38.1
E02000208,2021,33900,0.235,0,10863,5.1,37.6,11.6
E02000209,2011,27636,0.199,0,9407,6.2,25.6,18.8
E02000209,2021,39700,0.163,0,9067,3.8,35.1,8.1
E02000210,2011,33371,0.148,0,9539,5.6,31,16.6
E02000210,2021,42600,0.124,0,8713,3.7,41.1,9.2
E02000211,2011,33893,0.082,0,8999,3.6,27.8,11.2
E02000211,2021,42800,0.066,0,8273,2.9,35.9,7.1
E02000212,2011,26071,0.23,0,9790,6.4,26,21.1
E02000212,2021,34400,0.179,1,9461,5.2,32.5,9.6
E02000213,2011,27636,0.258,0,8414,7.8,31.5,33.9
E02000213,2021,34600,0.226,1,12798,5.9,40.1,13.7
E02000214,2011,35457,0.083,0,8310,3.7,32.9,12
E02000214,2021,46300,0.066,0,6236,3.3,43.6,7.3
E02000215,2011,34936,0.157,0,8000,5.6,41.5,42
E02000215,2021,38400,0.138,1,11826,4.1,46,13.8
E02000216,2011,42236,0.075,0,8523,4.1,54.3,20.6
E02000216,2021,43900,0.076,1,7162,3.7,56.6,11.9
E02000217,2011,31807,0.208,0,9551,5.9,33,27.8
E02000217,2021,36800,0.154,1,11925,4.5,41.7,11.4
E02000218,2011,30243,0.233,0,6236,5.8,25.3,14.3
E02000218,2021,39300,0.172,0,6671,4.7,33.7,6
E02000219,2011,35979,0.058,0,10518,2.9,33,9.7
E02000219,2021,42400,0.062,0,7631,2.3,39.7,6.4
E02000221,2011,30243,0.229,0,6738,5.4,28.1,26.3
E02000221,2021,37100,0.178,0,10857,5.1,37.8,8.4
E02000222,2011,38064,0.106,0,9688,4.5,43.8,21.7
E02000222,2021,42200,0.083,0,8350,3.6,50.6,11.4
E02000223,2011,23986,0.38,0,6640,9.1,12.8,20.3
E02000223,2021,30600,0.276,0,8530,5.4,25.3,3.7
E02000224,2011,36500,0.099,0,7686,4.7,37.7,22.9
E02000224,2021,41400,0.086,0,8053,3.7,46.8,9.4
E02000225,2011,25550,0.247,0,9881,6.4,13.8,8.7
E02000225,2021,31900,0.198,0,7499,4.1,24.6,4.9
E02000226,2011,35979,0.044,0,9820,3,34.2,11.8
E02000226,2021,45000,0.048,0,7615,2.5,40.5,7.7
E02000227,2011,31286,0.128,0,7891,4,25.4,21.1
E02000227,2021,39100,0.115,0,11680,3.3,32.6,7.2
E02000228,2011,39629,0.037,0,8371,2.6,42.3,14.2
E02000228,2021,44600,0.032,0,7956,2.1,49.6,7.2
E02000229,2011,24507,0.326,0,7684,7.6,11.1,11.9
E02000229,2021,29600,0.242,0,6235,4.1,24.3,5.2
E02000230,2011,37021,0.101,0,7535,3.6,40.8,25.7
E02000230,2021,41400,0.087,0,10502,3.1,49.4,10.6
E02000231,2011,37543,0.058,0,7539,3,42.9,17.9
E02000231,2021,46800,0.044,0,7930,2.4,52.5,10.2
E02000232,2011,33371,0.095,0,11411,3.3,26.7,7.9
E02000232,2021,41500,0.073,0,6198,2.5,34.2,7.2
E02000233,2011,35457,0.124,0,7609,4.7,34.4,14.2
E02000233,2021,43900,0.087,0,6364,2.7,42.9,8.1
E02000234,2011,35979,0.111,0,6374,4.4,34,19.8
E02000234,2021,41900,0.1,0,9452,3.2,44.2,9.7
E02000235,2011,39107,0.077,0,10045,3.9,35.9,11.2
E02000235,2021,45400,0.063,0,6890,2.4,43.7,7.7
E02000236,2011,36500,0.074,0,7685,3.3,31.9,12.4
E02000236,2021,45600,0.061,0,9130,2.7,44.7,7.5
E02000237,2011,33371,0.094,0,6207,4,27.6,15.1
E02000237,2021,40300,0.085,0,7600,2.5,34.7,6.5
E02000238,2011,29721,0.16,0,6135,5,27.3,30.7
E02000238,2021,46500,0.121,0,10707,4.1,38.3,9.9
E02000239,2011,30764,0.107,0,8023,4.7,33,21.1
E02000239,2021,50300,0.079,0,9042,3.4,40.1,8.6
E02000240,2011,27636,0.265,0,6968,6.2,23.4,28.8
E02000240,2021,38700,0.198,0,11209,4.4,34,7.6
E02000241,2011,31286,0.145,0,7659,4.6,30.4,18.5
E02000241,2021,45400,0.118,0,7395,4.6,37.6,10
E02000242,2011,29721,0.142,0,7475,5,29.5,18.4
E02000242,2021,45500,0.097,0,6885,4.2,36.3,8.3
E02000243,2011,30243,0.189,0,9500,5.3,29.1,20.1
E02000243,2021,43100,0.142,0,8722,4,36.7,8.3
E02000244,2011,32329,0.123,0,9000,4.1,33,18
E02000244,2021,46000,0.121,0,7889,4.5,42.2,9.5
E02000245,2011,26071,0.338,0,10265,7.7,22.7,17.1
E02000245,2021,33800,0.237,0,9306,4.3,32.6,9.9
E02000246,2011,26593,0.258,0,6639,7.2,20.2,25.8
E02000246,2021,37800,0.199,0,9461,4.9,31.1,6.8
E02000247,2011,27636,0.244,0,6763,6.1,25.9,33.6
E02000247,2021,38000,0.178,0,11155,4.9,33.8,7.4
E02000248,2011,36500,0.123,0,8509,4.6,43.5,26.8
E02000248,2021,50800,0.112,1,7717,4.1,50.2,11.8
E02000249,2011,28679,0.214,0,7172,5.4,27.5,23.2
E02000249,2021,40100,0.143,0,8376,4.2,36.1,8.7
E02000250,2011,47971,0.058,0,8156,3,59.3,18.6
E02000250,2021,56500,0.049,0,6483,2.8,63.5,9.3
E02000251,2011,29200,0.158,0,8748,5.4,26.3,15.5
E02000251,2021,44000,0.113,0,8313,4,33.8,7.9
E02000252,2011,30764,0.26,0,10308,6.2,36.1,32.8
E02000252,2021,41100,0.173,1,12238,4.1,40.3,28.1
E02000253,2011,27636,0.297,0,7334,6,26.2,24.4
E02000253,2021,39700,0.242,0,10344,4.9,35.6,6.8
E02000254,2011,27636,0.189,0,7721,5.3,24.7,19.8
E02000254,2021,37000,0.147,1,9209,4.5,28.6,8.3
E02000255,2011,36500,0.192,0,6487,4.9,46,37.7
E02000255,2021,47600,0.143,0,9863,4.5,53.1,10.2
E02000256,2011,44321,0.109,0,7944,3.9,57.2,40.7
E02000256,2021,53500,0.081,0,9183,3.6,63.9,16.1
E02000258,2011,34936,0.159,0,9706,4.8,40.6,21.2
E02000258,2021,45700,0.119,1,6901,4.5,51.7,14.5
E02000259,2011,37021,0.107,0,9632,3.9,41.9,15.5
E02000259,2021,53100,0.086,0,6584,3.8,50.8,9.3
E02000260,2011,27114,0.22,0,8949,5.7,26.4,20.3
E02000260,2021,35100,0.145,1,9835,5.2,27.2,9.1
E02000261,2011,32329,0.223,0,9465,5.1,38.7,34.9
E02000261,2021,43400,0.144,1,12653,5.4,49.3,15.2
E02000262,2011,32850,0.212,0,8861,5.2,42.2,34.1
E02000262,2021,48900,0.16,0,9348,4.4,52.1,16.4
E02000263,2011,25029,0.226,0,13509,6,22,16.3
E02000263,2021,32800,0.173,1,13706,5.3,24.4,8.4
E02000264,2011,42236,0.091,0,6730,3.8,51.8,42.1
E02000264,2021,47900,0.093,0,8494,4.4,61.6,17.9
E02000265,2011,32850,0.232,0,6276,5.4,43.1,54.7
E02000265,2021,43900,0.173,0,11232,5.3,51.2,13.7
E02000266,2011,25029,0.378,0,8710,8.1,23.6,29.6
E02000266,2021,35800,0.232,1,13114,5.2,34.1,9.6
E02000267,2011,38064,0.138,0,10766,4.7,41.9,15.5
E02000267,2021,49400,0.127,0,8151,4.1,49.5,10.2
E02000268,2011,40150,0.14,0,8925,5,50.5,30.9
E02000268,2021,49700,0.118,0,9250,3.9,57.9,13.5
E02000269,2011,44843,0.074,0,11637,3.1,57.8,21.9
E02000269,2021,53700,0.058,0,8167,3.6,64.3,12.7
E02000270,2011,28157,0.281,0,8103,6.9,32.5,28.5
E02000270,2021,41100,0.242,0,9607,4.8,53,17.8
E02000271,2011,49536,0.069,0,11119,3,60.7,19.6
E02000271,2021,61100,0.056,0,6950,3.1,69,15
E02000272,2011,41193,0.079,0,12331,3.7,48.4,12.2
E02000272,2021,51900,0.069,0,6713,3.1,56.4,8.3
E02000275,2011,27114,0.26,0,6926,6.7,27.2,22.3
E02000275,2021,34300,0.17,1,8170,4.3,29.4,9.1
E02000276,2011,43800,0.091,0,9358,3.1,55.1,25.3
E02000276,2021,52500,0.081,0,6761,3.7,60.6,13.2
E02000277,2011,28157,0.215,0,8078,6.5,19.9,16.7
E02000277,2021,40300,0.165,1,7524,3.9,28.5,7.6
E02000278,2011,25550,0.348,0,8043,7.6,17.4,21.1
E02000278,2021,40000,0.256,1,9430,4.3,26.6,6.5
E02000279,2011,27636,0.305,0,6763,7.9,25.4,37.1
E02000279,2021,39400,0.242,1,12320,4.8,32.3,8.4
E02000280,2011,32329,0.171,0,6748,4.6,30.4,19.8
E02000280,2021,40500,0.134,0,8634,3.1,37.6,7
E02000281,2011,29200,0.246,0,12733,6.4,24.3,13
E02000281,2021,38400,0.185,0,9653,4,32.9,8.1
E02000282,2011,25029,0.406,0,7102,8.5,16.7,27.4
E02000282,2021,33200,0.276,1,9951,5.3,25.9,7.8
E02000283,2011,26593,0.26,0,6722,6.9,19,20.9
E02000283,2021,41000,0.208,1,8538,4.9,27.8,7.4
E02000284,2011,36500,0.125,0,7081,4.5,36.7,23.3
E02000284,2021,42800,0.113,0,8741,3.3,43.7,9.6
E02000285,2011,33893,0.093,0,8837,3.9,28.7,10
E02000285,2021,48500,0.075,0,6643,2.5,38.6,6.6
E02000286,2011,37021,0.098,0,11292,3.5,38.5,17.4
E02000286,2021,42900,0.101,0,8688,2.5,45.9,11.1
E02000287,2011,34936,0.098,0,8515,3.3,36.6,18.6
E02000287,2021,45700,0.087,0,7355,2.5,47.3,9
E02000288,2011,26593,0.323,0,8835,7,21.4,28.8
E02000288,2021,38100,0.224,1,12784,4.3,28.9,7.7
E02000289,2011,34414,0.095,0,9115,3.7,34.8,9.3
E02000289,2021,49200,0.077,0,6774,2.9,44.5,7.3
E02000290,2011,25550,0.381,0,8424,8.4,19.8,18.4
E02000290,2021,36000,0.263,1,6682,5.2,30.1,9.6
E02000291,2011,32850,0.188,0,8200,5.8,31.8,27.9
E02000291,2021,42600,0.146,0,10162,4.3,40.8,10.2
E02000292,2011,31286,0.181,0,6597,5.2,27.7,26
E02000292,2021,45600,0.134,1,9837,3.7,36.9,8.7
E02000293,2011,36500,0.063,0,8158,3.3,39.6,12.5
E02000293,2021,48400,0.056,0,6396,2.5,46.7,6.4
E02000294,2011,26593,0.283,0,6823,5.9,20,26.9
E02000294,2021,41000,0.204,1,9369,4.7,27,9
E02000295,2011,35457,0.128,0,10490,4.8,38.9,16.5
E02000295,2021,50000,0.101,0,8691,3.3,46,9.1
E02000296,2011,32329,0.186,0,6569,5.1,36.6,39
E02000296,2021,47200,0.134,0,10343,3.9,42.9,11.9
E02000297,2011,34936,0.091,0,7242,3.3,33.6,19.8
E02000297,2021,46200,0.074,0,9398,3,39.7,6.2
E02000298,2011,39107,0.075,0,8924,3,44.8,17.4
E02000298,2021,51500,0.057,0,8253,2.7,51.5,9
E02000299,2011,26593,0.33,0,9518,6.9,20.3,25.4
E02000299,2021,38600,0.218,1,9495,4.7,28.1,8.1
E02000300,2011,27636,0.293,0,6307,6.9,22.8,34.6
E02000300,2021,41600,0.213,1,8855,4.1,28,9.4
E02000301,2011,25029,0.38,0,8879,7.9,19.4,27.3
E02000301,2021,36700,0.271,1,10221,4.8,27.2,8
E02000302,2011,31286,0.187,0,8374,5,29.5,17.9
E02000302,2021,52300,0.131,0,8668,3.7,38.2,8.2
E02000303,2011,25029,0.361,0,9535,8,19.2,22.8
E02000303,2021,37300,0.261,1,8366,4.4,28.5,8.2
E02000304,2011,40671,0.072,0,9298,3.3,46.4,16.1
E02000304,2021,49900,0.06,0,8041,3.1,52.9,8
E02000305,2011,35979,0.132,0,7976,4.3,43.6,28
E02000305,2021,52900,0.105,0,8878,3.9,49.1,9.6
E02000306,2011,23986,0.5,0,9312,9.5,19.1,19
E02000306,2021,31600,0.295,1,9134,5.5,27.2,6.3
E02000307,2011,28157,0.276,0,8157,6.6,23.7,24
E02000307,2021,45800,0.178,0,10112,3.9,31.1,7.5
E02000308,2011,31286,0.213,0,10070,5.3,35.9,21.4
E02000308,2021,47000,0.145,0,8759,3.9,43.2,11.9
E02000309,2011,25029,0.381,0,8326,7.6,21.5,28.7
E02000309,2021,35200,0.234,1,11794,4.8,29.2,8
E02000311,2011,28679,0.261,0,8390,6.3,26.9,28.1
E02000311,2021,49300,0.183,0,10544,6.1,33.7,9.5
E02000312,2011,35457,0.2,0,8089,5,40.2,42.5
E02000312,2021,49600,0.123,0,11303,4.5,46.5,12.2
E02000313,2011,26071,0.333,1,8633,8.1,26.1,16.5
E02000313,2021,29200,0.211,1,6489,6.3,35.8,6.4
E02000314,2011,29200,0.218,1,9149,7.2,35.6,37.1
E02000314,2021,39100,0.153,1,14106,6.8,40.5,11.5
E02000315,2011,26593,0.309,1,9873,8.3,23,18.7
E02000315,2021,31800,0.246,1,9871,4.8,36.2,7.6
E02000317,2011,26071,0.352,0,7736,9.3,26.6,24.5
E02000317,2021,36400,0.222,0,7561,5.8,38.2,9.9
E02000318,2011,25550,0.242,1,10489,7.7,25.8,24.5
E02000318,2021,33400,0.188,1,11064,4.9,33.1,11.6
E02000319,2011,28679,0.248,1,9872,8.4,31,31.1
E02000319,2021,34600,0.161,1,10618,5.7,40.2,10.1
E02000320,2011,28679,0.21,1,10473,6.6,25.7,12.4
E02000320,2021,36300,0.144,1,7041,5.4,37.9,8.4
E02000321,2011,26071,0.333,1,6566,8.3,25,29.1
E02000321,2021,29500,0.227,1,7721,6.3,36.4,9.3
E02000323,2011,24507,0.336,0,13164,8.7,27.8,22.4
E02000323,2021,34700,0.216,1,12861,5.5,42.2,11.3
E02000324,2011,28679,0.302,0,9080,6.7,29.6,18
E02000324,2021,37700,0.19,1,7865,5,40.3,8.8
E02000326,2011,35457,0.225,0,10750,4.9,44.8,17.8
E02000326,2021,43700,0.14,1,7798,3.7,55.2,11.6
E02000327,2011,27114,0.352,0,8370,8.3,24.9,30.3
E02000327,2021,33000,0.204,1,6625,6.5,41.5,12.6
E02000328,2011,42757,0.131,0,9842,4.1,54.3,17.8
E02000328,2021,48900,0.108,0,6512,3.1,62.2,11.7
E02000329,2011,30764,0.168,0,10971,6.3,24.8,9.2
E02000329,2021,36000,0.135,0,6332,3.9,36,7.4
E02000331,2011,30243,0.228,0,6624,5.4,32.2,29.7
E02000331,2021,38800,0.186,0,8238,4.9,41.4,9.5
E02000332,2011,34936,0.149,0,7200,5.6,36.7,19.5
E02000332,2021,43600,0.108,0,7451,3.8,45.7,8.9
E02000333,2011,48493,0.103,0,10674,3,60.8,19.1
E02000333,2021,51400,0.077,0,6242,3.1,64.4,11.8
E02000334,2011,31807,0.199,0,7315,5.1,29.2,16.5
E02000334,2021,41400,0.156,0,6639,4.1,40.9,6.7
E02000335,2011,33893,0.1,0,7070,3.7,27.6,12.5
E02000335,2021,45000,0.073,0,6675,3.3,39.9,6.8
E02000337,2011,28679,0.24,0,6825,6.2,21.3,19.1
E02000337,2021,37400,0.183,0,8471,4.5,33,5.8
E02000339,2011,35979,0.11,0,6606,4,36.4,13.2
E02000339,2021,44600,0.097,0,6291,3.2,45.7,7.2
E02000340,2011,33371,0.094,0,6180,4.2,29.8,20.1
E02000340,2021,40200,0.091,0,6865,3.5,39.6,10.4
E02000341,2011,26593,0.294,0,7831,7,18.3,16.3
E02000341,2021,34800,0.234,0,7995,4.5,30.6,6.7
E02000342,2011,28679,0.185,0,7253,4.2,20.4,31.8
E02000342,2021,37200,0.141,0,6348,3.7,33.7,14.2
E02000343,2011,29721,0.201,0,6269,5.3,22.6,17.5
E02000343,2021,39000,0.16,0,7046,4.1,34.7,7
E02000344,2011,32850,0.108,0,6469,3.7,24.2,15.6
E02000344,2021,40900,0.079,0,6430,3.3,36.1,7.8
E02000345,2011,28679,0.304,0,6549,6.4,23.3,25.9
E02000345,2021,34600,0.149,1,8199,3.6,27,8.6
E02000346,2011,24507,0.4,0,7906,8.1,25.9,19.2
E02000346,2021,40900,0.315,1,9398,5.6,50.4,18
E02000347,2011,30243,0.35,0,5970,6.3,32.6,26.4
E02000347,2021,36000,0.177,1,8151,3.8,34.5,9.4
E02000348,2011,26593,0.39,0,6088,7.6,24,28.7
E02000348,2021,32700,0.217,1,8106,5,29.4,7.5
E02000350,2011,33893,0.224,0,7683,5.5,47.1,37.5
E02000350,2021,43500,0.145,1,10241,4.6,53.7,14.9
E02000351,2011,38586,0.212,0,6453,4.2,57.6,58.1
E02000351,2021,45300,0.147,1,9286,3.8,63.5,19
E02000352,2011,34936,0.281,0,6675,5.1,47.5,27.6
E02000352,2021,45400,0.16,1,6749,3.9,53.3,12.8
E02000353,2011,39107,0.173,0,6387,4.6,56.4,42
E02000353,2021,48500,0.122,1,7763,4,63,16.1
E02000354,2011,28157,0.385,0,8838,8.6,39.3,32.3
E02000354,2021,36500,0.22,1,9610,4.9,50.9,13.1
E02000355,2011,33893,0.254,0,6092,7.8,45.3,41.8
E02000355,2021,41800,0.154,1,8194,4.9,56.8,13.5
E02000356,2011,39629,0.187,0,7956,5.1,57.3,28.6
E02000356,2021,47900,0.14,1,7034,3.5,66.2,16.9
E02000357,2011,25029,0.395,0,8120,10,23.6,15
E02000357,2021,34200,0.314,1,6845,5.5,39,7.5
E02000358,2011,31286,0.286,0,9502,6.6,47.9,39.2
E02000358,2021,41700,0.197,1,11090,5.1,58.1,16.2
E02000359,2011,30243,0.298,0,8523,7.6,41.3,21.8
E02000359,2021,42500,0.174,1,6697,4.6,55.2,13.4
E02000360,2011,27114,0.397,0,6883,8.5,37.1,42.2
E02000360,2021,37100,0.259,1,11512,5.4,46.3,11
E02000361,2011,31286,0.289,0,7786,8.2,45.9,34.3
E02000361,2021,40800,0.177,1,8061,4.9,58.8,20.2
E02000362,2011,28679,0.375,0,9502,8,35.6,18.3
E02000362,2021,37900,0.247,1,6961,5.8,48.3,15.5
E02000363,2011,25029,0.411,0,8485,10.8,28.1,29.8
E02000363,2021,33700,0.29,1,11882,6.1,42.2,11.4
E02000364,2011,37021,0.266,0,7346,6.7,52.4,40.7
E02000364,2021,45300,0.165,1,9217,4.9,59.3,15.4
E02000366,2011,30243,0.304,0,6339,7,38.3,36.5
E02000366,2021,40200,0.21,1,8328,5.4,48.2,12.2
E02000367,2011,34936,0.262,0,11058,6.2,52.2,30.4
E02000367,2021,45800,0.167,1,10418,4.4,62,19.9
E02000368,2011,27636,0.385,0,6581,8.2,35.7,37.9
E02000368,2021,38500,0.247,1,9922,5.5,47.9,12.9
E02000369,2011,30243,0.34,0,11292,7.5,41.2,29.2
E02000369,2021,44000,0.21,1,13458,4.4,56.9,15.5
E02000370,2011,30243,0.351,0,7640,8,40.4,30.8
E02000370,2021,43900,0.205,1,8862,4.5,54.5,17.2
E02000372,2011,29721,0.332,0,6363,6.7,31.9,45.4
E02000372,2021,38800,0.196,1,9984,5.1,46.2,19.5
E02000373,2011,25029,0.444,0,10845,8.6,22,14.2
E02000373,2021,34400,0.302,1,7034,6.1,35.7,9.1
E02000374,2011,35457,0.225,0,8867,5.3,41,24
E02000374,2021,46700,0.187,1,6914,4.6,50,16.5
E02000375,2011,33893,0.245,0,12764,6.6,44.1,20.3
E02000375,2021,42100,0.198,1,7485,5,53.8,18.1
E02000376,2011,33893,0.227,0,8514,5.9,47.7,34
E02000376,2021,43000,0.186,1,6701,5.2,54.8,20.5
E02000377,2011,33371,0.233,0,9741,5.8,43.6,31.1
E02000377,2021,43200,0.181,0,7795,4.9,53.1,17.6
E02000378,2011,41193,0.172,0,9614,4.8,56.6,27
E02000378,2021,47100,0.151,1,6433,4.9,60,20.1
E02000379,2011,38586,0.175,0,11594,5.1,51.3,23.2
E02000379,2021,50200,0.134,0,7388,4.1,60.2,12.6
E02000380,2011,42757,0.129,0,8301,3.5,54,24.9
E02000380,2021,55900,0.11,1,5508,3.9,62,15.6
E02000381,2011,43279,0.144,0,12369,3.9,57.7,24.8
E02000381,2021,51200,0.119,0,7628,4,63.5,16.4
E02000382,2011,40671,0.225,0,9175,5.3,54.3,24.7
E02000382,2021,51500,0.12,0,6189,3.9,63.2,18
E02000383,2011,39107,0.152,0,6658,4.8,54,59.6
E02000383,2021,49400,0.111,1,8462,4.5,60.4,20.9
E02000384,2011,32850,0.242,0,6731,6,41.6,40.7
E02000384,2021,42500,0.21,0,8267,4.4,52.9,20
E02000385,2011,47450,0.105,0,7028,3.4,62.9,42.8
E02000385,2021,51900,0.083,1,5614,3.6,66.4,26.1
E02000386,2011,32329,0.268,0,6915,6.5,40.6,40.4
E02000386,2021,39700,0.22,1,7582,5.5,47.4,16.9
E02000387,2011,35979,0.203,0,8169,4.5,46.5,32.4
E02000387,2021,43400,0.15,0,6024,4.4,52.2,20.1
E02000388,2011,40671,0.15,0,6534,3.7,51.9,50.2
E02000388,2021,47700,0.128,1,8657,3.4,60.9,22.9
E02000389,2011,44843,0.09,0,7581,2.9,54.9,42.1
E02000389,2021,57300,0.068,0,8645,3.1,62.3,20.5
E02000390,2011,39107,0.167,0,5863,4.4,49.7,49.6
E02000390,2021,46800,0.122,0,6195,3.9,58.9,20.8
E02000391,2011,42236,0.148,0,7768,3.9,54.8,36.1
E02000391,2021,51400,0.1,0,7587,3.5,63.9,19.9
E02000392,2011,44843,0.133,0,6167,4.5,56.7,60.8
E02000392,2021,50400,0.11,0,9229,4,62.6,20.3
E02000393,2011,51100,0.075,0,9432,3.1,61.4,29.6
E02000393,2021,56300,0.053,0,5975,2.9,68.3,22.1
E02000394,2011,38064,0.213,0,7320,4.4,48.1,41.6
E02000394,2021,46100,0.134,0,9281,4.7,61.1,21.4
E02000395,2011,51621,0.068,0,6162,3.2,62.5,36.3
E02000395,2021,57900,0.049,0,5680,2.4,68.1,20.5
E02000396,2011,41714,0.18,0,8136,4.5,49.5,26.7
E02000396,2021,52000,0.135,0,6898,3.9,57,15.6
E02000397,2011,30764,0.26,0,6272,7.1,36.9,40.2
E02000397,2021,42300,0.158,0,7907,5.4,44.8,13.6
E02000398,2011,22943,0.426,0,8202,10.7,18.9,23.3
E02000398,2021,32700,0.309,1,7518,6.8,29.3,9
E02000400,2011,34414,0.249,0,8255,5.5,40.9,23.5
E02000400,2021,48200,0.146,0,7988,4.8,48.5,10.3
E02000401,2011,25029,0.407,0,6448,7.7,20,20
E02000401,2021,36700,0.267,0,6864,5.8,31.9,9.5
E02000402,2011,23986,0.437,0,7729,7.8,21.4,18.6
E02000402,2021,35400,0.275,0,6472,5.6,31.5,8.4
E02000403,2011,29200,0.249,0,9578,5.9,37.1,29.6
E02000403,2021,46000,0.142,0,7513,4.9,45.2,14.6
E02000404,2011,26593,0.348,0,6031,6.5,28.5,35.6
E02000404,2021,44000,0.196,0,7111,5.3,34.9,12
E02000405,2011,45886,0.094,0,7755,4,59.5,19.8
E02000405,2021,55800,0.066,0,6474,3,66.3,10.8
E02000406,2011,27114,0.355,0,5951,6.9,32.1,34.6
E02000406,2021,42900,0.195,0,6736,6.3,38.2,13.5
E02000407,2011,24507,0.398,0,6633,6.6,24.2,33.2
E02000407,2021,37600,0.238,1,7605,5.8,34.2,12.1
E02000408,2011,23986,0.417,0,7815,8,20.4,27.3
E02000408,2021,35000,0.252,1,8253,5,33.9,10
E02000409,2011,25550,0.391,0,7123,8.2,25,22.1
E02000409,2021,36000,0.274,0,6061,5.4,39.1,11.4
E02000410,2011,46407,0.095,0,7668,4,59.7,29.1
E02000410,2021,55900,0.056,0,6418,3.6,65.3,14.9
E02000411,2011,25550,0.346,0,6734,6.9,25.8,37.2
E02000411,2021,36700,0.211,1,11429,4.6,41.9,16.2
E02000412,2011,27636,0.334,0,6697,6.7,35.4,37.1
E02000412,2021,39600,0.206,0,7322,5.2,41.2,16.2
E02000413,2011,43279,0.123,0,7199,3.9,57.7,28.2
E02000413,2021,52400,0.095,0,7763,3.3,62.8,10.4
E02000414,2011,28679,0.29,0,7315,7.6,30.9,32.7
E02000414,2021,44000,0.179,1,7081,5,42,13.1
E02000415,2011,29200,0.28,0,6548,6,35.5,35.9
E02000415,2021,45700,0.176,0,7242,5.2,46.6,16
E02000416,2011,34936,0.245,0,7025,6.5,47.9,32.2
E02000416,2021,42800,0.187,0,8453,4.3,56.4,14.1
E02000417,2011,47450,0.104,0,7312,3.7,63.6,29.3
E02000417,2021,56300,0.065,0,6558,3.6,67.9,13.3
E02000418,2011,46929,0.099,0,7612,3.5,61.5,18.4
E02000418,2021,55400,0.072,0,5431,2.8,68.1,8.7
E02000419,2011,32329,0.283,0,6527,5.8,44.3,55.9
E02000419,2021,45600,0.143,0,8736,5.5,53.2,20.3
E02000420,2011,26071,0.321,0,6693,7.9,29.4,36.1
E02000420,2021,38500,0.223,1,7988,5.7,43.9,13.3
E02000421,2011,25029,0.39,0,7452,7.5,29,29.9
E02000421,2021,35300,0.267,1,8511,6.2,38.4,14.4
E02000422,2011,28157,0.37,0,6914,7.1,30.3,35.7
E02000422,2021,37300,0.192,1,7458,5.4,39.6,11.5
E02000423,2011,29721,0.261,0,7500,5.3,40.4,39.1
E02000423,2021,46400,0.133,0,6904,5.1,48.8,19.9
E02000424,2011,41714,0.188,0,7171,5.9,56,31.4
E02000424,2021,47900,0.133,0,6754,4.2,62.9,13.1
E02000425,2011,26593,0.266,0,6845,5.3,21.9,22.5
E02000425,2021,37900,0.138,1,8169,4.3,27,9.5
E02000426,2011,45364,0.089,0,7490,2.9,59.7,27.1
E02000426,2021,54800,0.093,0,6492,3.6,66.3,13.1
E02000427,2011,33893,0.223,0,6676,5.2,49,43
E02000427,2021,47600,0.147,1,6627,4.9,57,19.8
E02000428,2011,26071,0.382,0,5509,7.1,30.6,40.5
E02000428,2021,36600,0.22,1,8434,6.4,42.1,14.1
E02000429,2011,52664,0.076,0,8108,3.4,68.1,29.3
E02000429,2021,50300,0.074,0,6793,3,71.2,12.9
E02000430,2011,49536,0.132,0,7432,4.1,65.5,37.4
E02000430,2021,47900,0.078,0,6922,3.4,69.6,15.6
E02000431,2011,53707,0.065,0,7148,3.2,69.8,37.5
E02000431,2021,51400,0.059,0,5848,3.4,74.7,16.8
E02000432,2011,42236,0.198,0,7825,4.9,60.7,31.4
E02000432,2021,44300,0.136,0,6120,4.4,63.9,17.5
E02000433,2011,35979,0.12,0,6813,2.9,39.4,22.6
E02000433,2021,42000,0.1,0,8600,2.7,48.1,10.2
E02000434,2011,35457,0.117,0,7198,3.8,41.3,25.5
E02000434,2021,42600,0.099,0,9848,3.3,51.2,9.5
E02000435,2011,31286,0.179,0,7256,4.5,33.2,20.5
E02000435,2021,44000,0.137,0,8191,3.6,41.9,9.5
E02000436,2011,39629,0.066,0,6731,2.5,44.1,14.2
E02000436,2021,44500,0.052,0,5758,2.6,55,6.5
E02000437,2011,31286,0.148,0,6854,4.3,33.2,22.9
E02000437,2021,45200,0.12,0,8760,3.2,40.2,8.7
E02000438,2011,32850,0.178,0,7022,5.8,35.4,21.5
E02000438,2021,41000,0.129,0,8548,3.3,43.4,8.4
E02000439,2011,29200,0.19,0,6852,5.2,29.9,26.9
E02000439,2021,50200,0.125,0,9264,3.3,37.8,9.9
E02000440,2011,34414,0.11,0,7417,3.9,36.1,22.1
E02000440,2021,48400,0.077,0,9605,3,46.2,6.2
E02000441,2011,34936,0.152,0,6685,4.1,39.8,19.9
E02000441,2021,42900,0.116,0,7481,3.2,49.8,9
E02000442,2011,28679,0.17,0,6454,4.6,28.7,28.9
E02000442,2021,53600,0.086,0,9585,3.9,33.4,10.2
E02000443,2011,28157,0.25,0,7686,6.3,27.5,26.9
E02000443,2021,41100,0.167,1,10747,4,37,11.9
E02000444,2011,30764,0.156,0,8588,4.4,32.9,17.5
E02000444,2021,45700,0.088,0,8714,3.2,40.3,8.1
E02000445,2011,29200,0.248,0,7426,6.1,31,34.5
E02000445,2021,41300,0.16,1,11773,3.7,36.8,10.3
E02000447,2011,35457,0.118,0,5782,4.4,39.5,19.5
E02000447,2021,49300,0.098,1,8192,3.3,52.2,10.2
E02000448,2011,42236,0.068,0,8377,3.1,51.3,15.5
E02000448,2021,47700,0.05,0,7070,2.8,59.3,9.7
E02000449,2011,27114,0.196,0,7910,5.1,26.4,19.1
E02000449,2021,42900,0.13,0,8295,3,33.9,8.3
E02000451,2011,39107,0.071,0,8206,3.1,45.5,13.4
E02000451,2021,49300,0.054,0,6711,2.6,54.1,9.4
E02000452,2011,33893,0.168,0,9569,5.1,42,28.4
E02000452,2021,44900,0.129,1,9503,4,46.8,17.6
E02000453,2011,35457,0.138,0,6714,4.2,44.8,26.2
E02000453,2021,45600,0.108,1,8386,3.6,50.8,11.6
E02000454,2011,40150,0.06,0,8706,3.1,46.7,12.6
E02000454,2021,48800,0.05,0,7339,2.3,57.3,8.1
E02000455,2011,36500,0.158,0,9470,4.8,48.1,29.1
E02000455,2021,45400,0.121,1,11669,4.3,57.3,17.9
E02000456,2011,35457,0.153,0,8499,4.3,42.3,21
E02000456,2021,46200,0.114,1,7823,4.4,47.3,9.3
E02000457,2011,35457,0.102,0,10250,3.9,40.5,10.3
E02000457,2021,46200,0.087,0,7059,3.4,50.6,8.7
E02000459,2011,28679,0.204,0,7058,5.3,34.8,30.3
E02000459,2021,39600,0.151,0,9326,4.5,42.9,12.1
E02000460,2011,27636,0.237,0,6641,5.7,28.9,20.3
E02000460,2021,42000,0.168,0,7311,4.6,42.7,9.8
E02000461,2011,39107,0.073,0,8137,3.4,47.7,25.1
E02000461,2021,49100,0.064,0,7290,4,50.5,14.6
E02000462,2011,30243,0.153,0,6550,5,30.4,22.8
E02000462,2021,41100,0.121,0,6983,4,38.5,9.3
E02000463,2011,28157,0.182,0,8218,5.5,25.6,17.7
E02000463,2021,43000,0.144,0,8706,4.4,34.8,6.4
E02000464,2011,26071,0.239,0,7620,6.2,12.6,10.9
E02000464,2021,33500,0.171,0,7756,3.7,26.1,7
E02000465,2011,26593,0.237,0,7082,6.9,13.8,15.8
E02000465,2021,33800,0.177,0,9346,4.5,28.4,7.2
E02000466,2011,28157,0.191,0,8135,5.3,14.9,13.8
E02000466,2021,36300,0.155,0,9069,4.1,24.9,6.7
E02000467,2011,25029,0.309,0,7059,9,13.2,21.3
E02000467,2021,28000,0.271,0,11457,4.1,26,7.6
E02000468,2011,28679,0.146,0,6314,4.6,15,15
E02000468,2021,37200,0.122,0,8651,3.5,24.2,7
E02000469,2011,26593,0.215,0,8235,6.5,14.6,11.9
E02000469,2021,33100,0.176,0,7283,3.6,27.4,8.7
E02000470,2011,31807,0.085,0,6518,3.9,22.4,18
E02000470,2021,39100,0.083,0,9782,2.5,34.6,8.3
E02000471,2011,30764,0.07,0,6947,3,19,12.7
E02000471,2021,42900,0.06,0,7820,2.2,27.5,7.5
E02000472,2011,30243,0.097,0,6632,3.7,18.2,16.5
E02000472,2021,39600,0.082,0,9472,3.1,28.2,7.8
E02000473,2011,32329,0.08,0,8429,2.9,20.9,16.5
E02000473,2021,41400,0.074,0,10493,2.9,31.2,8
E02000474,2011,29721,0.143,0,6451,4.9,18.4,21.2
E02000474,2021,35600,0.126,0,9185,3.6,29.2,8.6
E02000475,2011,35457,0.084,0,7930,3.3,26.6,21.2
E02000475,2021,39500,0.076,0,9613,2.6,34.9,8.6
E02000476,2011,31807,0.2,0,8287,5.9,26.5,27.1
E02000476,2021,35500,0.139,0,9363,4,38.4,13.8
E02000477,2011,34414,0.06,0,9643,2.8,22.7,13.5
E02000477,2021,42200,0.05,0,9535,2.8,31.4,7.7
E02000478,2011,34936,0.043,0,7782,2.3,28.3,10.2
E02000478,2021,40400,0.046,0,5989,2.1,35.6,6.1
E02000479,2011,31807,0.131,0,6443,5.3,24.5,27
E02000479,2021,37600,0.118,0,9450,3.2,34.4,11.6
E02000480,2011,30764,0.128,0,7887,5.5,20.8,23.9
E02000480,2021,38100,0.136,0,13842,4.3,35.6,12.4
E02000481,2011,31286,0.081,0,7457,3.4,18.8,11.9
E02000481,2021,37800,0.07,0,8234,2.3,26.5,7.3
E02000482,2011,35979,0.035,0,8989,1.8,29,8.9
E02000482,2021,44000,0.031,0,6588,1.9,33.3,6.5
E02000483,2011,31286,0.123,0,9588,4.1,18.3,13.4
E02000483,2021,35900,0.099,0,8001,3.1,27.3,9.1
E02000484,2011,31807,0.079,0,8343,3.8,18.5,12.2
E02000484,2021,38600,0.062,0,8492,2.8,27.1,7.2
E02000485,2011,33371,0.091,0,9196,3.5,22.8,12.4
E02000485,2021,39700,0.072,0,8476,2.5,30.6,8.8
E02000486,2011,31807,0.075,0,8414,3.4,18.7,11.4
E02000486,2021,38700,0.068,0,7355,2.8,26.6,7.9
E02000487,2011,36500,0.03,0,9360,2.4,28.8,10
E02000487,2021,44900,0.024,0,7913,1.3,30.9,6.3
E02000488,2011,30764,0.057,0,5885,3.1,17.5,14.4
E02000488,2021,40200,0.05,0,7579,2.3,26.1,8.2
E02000489,2011,30243,0.15,0,8134,4.9,17.8,12.6
E02000489,2021,39200,0.119,0,8634,3.3,28.8,6.9
E02000490,2011,27636,0.125,0,9795,4.3,13.1,10.1
E02000490,2021,36000,0.109,0,8469,3.6,24.9,7.3
E02000491,2011,27114,0.206,0,7793,6.4,14.4,15.4
E02000491,2021,34200,0.179,1,10640,4.4,28.2,11.9
E02000492,2011,29721,0.093,0,6396,3.2,14,9.2
E02000492,2021,37200,0.088,1,6830,2.9,23.4,6.8
E02000493,2011,28157,0.168,0,7614,6.5,15.8,11.5
E02000493,2021,33800,0.151,1,6737,4.2,27.4,8
E02000494,2011,40671,0.069,0,8199,2.7,48.2,17.9
E02000494,2021,41700,0.072,0,7958,2.4,57.1,9.9
E02000495,2011,35979,0.108,0,7986,3.9,40.2,24
E02000495,2021,42800,0.09,0,10417,3.1,48.5,10
E02000496,2011,32329,0.139,0,7366,3.8,25,16.5
E02000496,2021,38600,0.121,0,7801,3.1,31.7,8
E02000497,2011,34936,0.114,0,7843,3.4,34.2,20.2
E02000497,2021,42900,0.1,0,9521,3.1,44.1,8
E02000498,2011,35457,0.103,0,7431,3,30.3,13
E02000498,2021,41100,0.087,0,6377,2.7,39.3,7.1
E02000499,2011,37021,0.065,0,7884,3,36.5,13.7
E02000499,2021,46400,0.052,0,7727,2.7,45.4,7
E02000500,2011,38064,0.048,0,7828,2.6,38.3,19.2
E02000500,2021,43900,0.049,0,8279,2.9,46.6,9.8
E02000501,2011,34936,0.078,0,8826,3.4,31.2,13.8
E02000501,2021,45100,0.065,0,8475,2.9,42.9,7.9
E02000502,2011,35979,0.084,0,6272,3,31.7,27.1
E02000502,2021,43900,0.064,0,8929,2.8,42.8,9.6
E02000503,2011,35979,0.062,0,6210,2.6,27.4,23.7
E02000503,2021,46700,0.05,0,8688,3.1,39.6,8.6
E02000504,2011,38586,0.047,0,7479,2.6,35.8,15
E02000504,2021,46500,0.04,0,7643,2.2,45.8,8.3
E02000506,2011,37021,0.048,0,9473,2.4,37.5,12.7
E02000506,2021,42500,0.051,0,7961,2.3,46.9,8.1
E02000507,2011,32329,0.1,0,7399,3.8,25.2,16.5
E02000507,2021,45000,0.078,0,8243,3.6,36.2,7.5
E02000508,2011,31286,0.121,0,8529,2.8,28.4,65.9
E02000508,2021,42100,0.091,0,11949,3.4,44.6,23.6
E02000509,2011,28679,0.203,0,6020,3.2,30.5,75.9
E02000509,2021,39300,0.122,0,10555,3.2,37.5,23.2
E02000510,2011,32850,0.117,0,7765,3.9,29.2,25.7
E02000510,2021,41800,0.094,0,9115,3.7,36.7,8.9
E02000511,2011,29721,0.129,0,7714,4.2,21.1,21.1
E02000511,2021,39100,0.101,0,9933,3.6,30.8,7.6
E02000512,2011,28157,0.215,0,8247,5.4,22.4,22.3
E02000512,2021,38200,0.16,0,8823,4.6,31.1,9.3
E02000513,2011,27114,0.264,0,7613,6.9,21.9,23.6
E02000513,2021,36200,0.187,0,9760,5.4,29.2,8
E02000514,2011,28157,0.182,0,8986,5.5,23.2,22.2
E02000514,2021,40700,0.129,0,10674,4.6,30.3,9
E02000515,2011,29721,0.181,0,7382,5,25.5,40.1
E02000515,2021,36400,0.146,0,13293,4.3,37.2,13.6
E02000516,2011,29200,0.192,0,7541,5.5,27.5,21.7
E02000516,2021,42500,0.141,1,8646,5,31.9,7.6
E02000517,2011,26071,0.24,0,7943,5.6,20.1,23.2
E02000517,2021,39600,0.184,0,10470,4.3,31,9.3
E02000518,2011,27636,0.221,0,9184,5.1,19.6,18.7
E02000518,2021,40500,0.17,0,9632,4.1,28.8,7.9
E02000519,2011,26071,0.24,0,9823,6.4,21.6,16
E02000519,2021,36000,0.192,1,9554,4.4,29,7.8
E02000520,2011,27114,0.24,0,8634,6.5,22.7,29.9
E02000520,2021,37400,0.168,1,14062,5.3,32.5,10.9
E02000521,2011,27636,0.255,0,9426,5.8,21.3,23.2
E02000521,2021,42000,0.166,0,13190,5.2,36.9,9.9
E02000522,2011,29200,0.203,0,8001,4.8,24.6,22.7
E02000522,2021,39800,0.15,0,9576,4.7,35,9.9
E02000523,2011,28679,0.181,0,8980,5.7,24.7,24.8
E02000523,2021,38700,0.122,0,11368,5.4,34.9,12
E02000524,2011,30243,0.138,0,9820,4.9,24.2,22.8
E02000524,2021,41600,0.124,0,7535,5.6,32,12.9
E02000525,2011,28157,0.208,0,10439,5.2,24.3,21.5
E02000525,2021,39000,0.136,0,10062,6.3,29.9,11.6
E02000526,2011,47971,0.071,0,8269,3.1,59.8,33.2
E02000526,2021,58400,0.055,0,8640,2.7,64.8,15.2
E02000529,2011,28157,0.208,0,8626,5.7,29,19.4
E02000529,2021,36300,0.156,1,9716,4.9,35.2,8.2
E02000530,2011,24507,0.314,0,8606,6.8,18.8,16.6
E02000530,2021,33400,0.226,1,8117,5.3,27.7,7
E02000531,2011,33893,0.165,0,8658,3.9,37.5,39
E02000531,2021,46000,0.128,0,11583,3.7,49.9,12
E02000532,2011,42236,0.123,0,11251,3.8,52.1,22.1
E02000532,2021,52900,0.097,0,8976,3.5,59.5,12.6
E02000533,2011,44321,0.127,0,9912,3,55.3,24.8
E02000533,2021,51700,0.095,0,8402,3.3,61.6,12.8
E02000534,2011,38064,0.09,0,8653,4.1,45.6,23
E02000534,2021,49200,0.071,0,8558,4,52,11.8
E02000535,2011,30243,0.165,0,9636,5.2,31.1,20.4
E02000535,2021,40400,0.115,0,10052,4.9,36.2,8.9
E02000536,2011,30243,0.175,0,6663,4.5,34.1,30.8
E02000536,2021,41900,0.132,0,10841,4.3,37.9,11.6
E02000537,2011,35457,0.079,0,8826,3.9,45.5,28.4
E02000537,2021,47900,0.076,0,9845,3.9,48.7,14.2
E02000538,2011,28157,0.186,0,8378,5,26.7,26.4
E02000538,2021,39100,0.127,0,10109,5.5,30.5,10.8
E02000539,2011,34936,0.206,0,10614,4.3,38.5,27.7
E02000539,2021,46200,0.123,0,12224,4.2,47.5,10.4
E02000540,2011,31807,0.137,0,8448,4.8,38.6,29.9
E02000540,2021,42600,0.112,0,12122,4.7,44.8,14.2
E02000541,2011,27114,0.227,0,6837,5.1,29.2,32.7
E02000541,2021,36100,0.165,0,10620,5.7,33.2,10.4
E02000542,2011,28679,0.189,0,10337,5.1,34.7,27.2
E02000542,2021,39100,0.134,0,12304,5.6,37.7,12.2
E02000543,2011,32850,0.147,0,9160,4.7,42.6,43.3
E02000543,2021,42500,0.106,0,14001,5.3,43.4,16.9
E02000544,2011,32850,0.098,0,8406,4.2,30.8,18.8
E02000544,2021,47600,0.074,0,8557,3.4,41.6,8.6
E02000545,2011,31286,0.236,0,8044,4.9,32.6,23.9
E02000545,2021,41200,0.17,0,9237,4,43.7,10.5
E02000546,2011,29200,0.168,0,9291,5.4,33.1,26
E02000546,2021,41500,0.136,0,10427,4.5,35.9,10
E02000547,2011,28157,0.19,0,9269,4.1,21.9,22.2
E02000547,2021,36500,0.125,0,11001,4.2,30.6,9.7
E02000548,2011,27636,0.213,0,8620,5.3,18.8,23
E02000548,2021,35700,0.163,0,10576,4.5,29,9.5
E02000549,2011,28157,0.168,0,8680,4.5,21.4,27.8
E02000549,2021,39800,0.132,0,12535,4.4,32.6,10.4
E02000550,2011,28679,0.223,0,10752,5.3,26,21.6
E02000550,2021,36500,0.158,0,10713,5,35.3,10
E02000551,2011,25550,0.282,0,9246,6,18.7,18.3
E02000551,2021,34200,0.213,0,9752,4.9,28.3,7.9
E02000552,2011,31286,0.117,0,8875,4,23.1,23.2
E02000552,2021,41200,0.108,0,9258,4.4,33.6,10.1
E02000553,2011,29200,0.18,0,9396,4.6,21.4,11.9
E02000553,2021,38100,0.126,0,7115,4.2,32.2,7.4
E02000554,2011,29721,0.341,0,11713,7,40.1,22
E02000554,2021,40600,0.254,0,9356,4.9,48.8,13.6
E02000555,2011,34414,0.262,0,8199,5.8,46,34.2
E02000555,2021,44500,0.189,0,9571,4.8,55.5,15.8
E02000556,2011,33893,0.241,0,8181,5.8,48.4,43.2
E02000556,2021,44000,0.194,0,11396,4.4,58.8,22.2
E02000557,2011,33371,0.27,0,9750,6.5,45.1,25.2
E02000557,2021,46300,0.214,0,8782,4.4,55.9,16.3
E02000558,2011,26071,0.403,0,9360,8.6,30.1,25.3
E02000558,2021,35300,0.283,0,9434,6.6,43,16.5
E02000559,2011,40671,0.214,0,9103,3.7,61,37.2
E02000559,2021,53900,0.126,0,9582,3.6,65.6,17.9
E02000560,2011,34414,0.199,0,11017,5.1,50.3,30.4
E02000560,2021,45200,0.144,0,7354,4.8,59.3,21.9
E02000561,2011,41714,0.144,0,10403,3.7,58.5,28.2
E02000561,2021,53400,0.096,0,7387,3.5,66.4,16.7
E02000562,2011,37543,0.244,0,8614,5.7,51.6,29.8
E02000562,2021,49700,0.167,0,7865,4.4,59.1,14.3
E02000563,2011,29721,0.299,0,8266,6.3,38.4,37.8
E02000563,2021,42600,0.235,0,8682,5.4,48,17.2
E02000564,2011,36500,0.274,0,6605,4.8,54.1,65.3
E02000564,2021,47500,0.176,0,12420,4.2,63,22.7
E02000565,2011,33371,0.31,0,9182,6,45.4,28
E02000565,2021,42300,0.206,1,8542,6.1,54.7,15.2
E02000566,2011,43800,0.189,0,9408,4,60.6,29.8
E02000566,2021,55400,0.122,0,8556,3.3,67,19.3
E02000567,2011,36500,0.258,0,10008,5.2,51.9,34.7
E02000567,2021,48700,0.174,0,10438,4.2,58.8,17
E02000568,2011,28679,0.34,1,8124,6.1,31.8,46.9
E02000568,2021,39300,0.209,1,11342,5.4,45.7,20.5
E02000569,2011,37543,0.283,0,8870,5.8,47.8,33.6
E02000569,2021,47800,0.2,0,9939,4.3,56.2,15.5
E02000570,2011,46929,0.147,0,8778,4.1,62.9,37.3
E02000570,2021,53600,0.102,0,8283,3.9,67.8,18.6
E02000571,2011,34936,0.299,0,7076,6.5,43.8,32.8
E02000571,2021,46600,0.211,1,8922,4.2,54.3,16
E02000572,2011,27114,0.354,1,7746,6.6,31.5,35.3
E02000572,2021,38900,0.253,1,8603,5.7,42.8,13.6
E02000573,2011,45886,0.176,0,7934,4.1,62.7,44.2
E02000573,2021,56200,0.124,1,10313,3.1,65.9,23.6
E02000574,2011,37021,0.222,0,8486,4.4,50.5,47.2
E02000574,2021,45400,0.148,0,7833,3.9,56.8,24.7
E02000575,2011,36500,0.202,0,10488,3.7,50.2,56.7
E02000575,2021,47100,0.129,0,11313,4,57.4,25.4
E02000576,2011,32329,0.272,0,8187,6.4,39.7,41.3
E02000576,2021,43800,0.188,1,10673,5,51.4,20.5
E02000577,2011,26071,0.353,0,8164,8.7,27.6,16.7
E02000577,2021,33500,0.339,1,7711,6.1,41.1,9.6
E02000578,2011,27114,0.325,0,10358,8.4,26.9,10.2
E02000578,2021,34400,0.312,1,6004,5.3,35.3,7
E02000579,2011,34414,0.24,0,9625,5.4,45.8,22.5
E02000579,2021,44500,0.194,1,8993,4.5,52,12.2
E02000580,2011,33893,0.241,0,10022,6.9,45.9,25.4
E02000580,2021,43800,0.214,0,7894,5.8,50.1,13
E02000581,2011,28157,0.318,0,8615,7.7,30.5,16.8
E02000581,2021,34600,0.303,0,7392,6.9,39.3,9
E02000582,2011,48493,0.072,0,8031,3.3,60.8,38.1
E02000582,2021,53400,0.072,0,6543,3.3,68.8,21.5
E02000583,2011,47450,0.081,0,8571,3.9,61.4,29.2
E02000583,2021,57100,0.073,0,6428,3.3,67.3,17.6
E02000584,2011,51100,0.045,0,8674,2.7,62.4,31.8
E02000584,2021,59100,0.039,0,7175,3.9,71.3,19.6
E02000585,2011,43800,0.1,0,8501,3.9,59,32
E02000585,2021,51100,0.084,0,8088,4.5,63.8,16.8
E02000586,2011,50579,0.024,0,11889,2.6,61,26.9
E02000586,2021,62000,0.024,0,6474,2.2,67.6,20.1
E02000587,2011,46929,0.056,0,9388,2.5,62.3,28.4
E02000587,2021,58800,0.041,0,6496,2.9,70.5,19.1
E02000588,2011,54750,0.02,0,7199,2.1,59.5,42.6
E02000588,2021,59400,0.016,0,5983,2.2,66.5,21.5
E02000589,2011,43279,0.075,0,5798,4,58.3,64.4
E02000589,2021,50600,0.068,0,7250,3.6,64.8,25.4
E02000590,2011,38064,0.113,0,8616,4.3,49.4,28.4
E02000590,2021,49100,0.113,0,5974,4.4,56.8,18.6
E02000591,2011,35979,0.171,0,8655,5.4,51.5,26.2
E02000591,2021,46700,0.17,1,6212,4,60,21.8
E02000592,2011,52143,0.031,0,7298,2.3,65.2,40
E02000592,2021,63700,0.024,0,5764,2.7,72.3,24
E02000593,2011,42757,0.118,0,7659,4.2,58,39.1
E02000593,2021,58800,0.099,1,7393,3.2,63.9,21.7
E02000594,2011,45886,0.056,0,7303,2.9,56.1,31.5
E02000594,2021,52600,0.057,0,6482,2.6,64.1,14.3
E02000595,2011,44843,0.065,0,8178,2.9,55.9,29.6
E02000595,2021,52800,0.074,0,6164,3,63.6,18.6
E02000596,2011,48493,0.059,0,8384,2.5,56.6,41.4
E02000596,2021,61700,0.045,0,6617,3.4,64.7,22.3
E02000597,2011,32329,0.198,0,7769,6.2,38.9,22.7
E02000597,2021,43000,0.216,0,6336,4.9,50.7,11.1
E02000598,2011,41714,0.063,0,7523,2.7,49.8,18.1
E02000598,2021,52600,0.052,0,8093,2.8,58.8,8.2
E02000599,2011,38064,0.051,0,8159,2,46.4,27.7
E02000599,2021,51800,0.04,0,7008,2.4,59.6,10.4
E02000600,2011,40150,0.085,0,8444,3.4,49.9,33.6
E02000600,2021,45900,0.08,0,8360,2.6,61.1,14.3
E02000601,2011,42236,0.09,0,7015,3.1,54.6,45.6
E02000601,2021,51900,0.064,0,11904,3.5,64.1,13.7
E02000602,2011,32329,0.184,0,6769,4.1,38.7,48.6
E02000602,2021,40100,0.145,0,10313,3.7,48.8,17.1
E02000603,2011,30764,0.156,0,6761,5.2,32.9,28.3
E02000603,2021,45400,0.122,0,8636,4.1,43.7,10.2
E02000604,2011,38064,0.07,0,7624,3.3,45,27.3
E02000604,2021,45300,0.08,0,9242,3.2,55.6,11
E02000605,2011,36500,0.077,0,7252,3.1,43.5,24.7
E02000605,2021,46200,0.083,0,8489,2.8,53.4,9.4
E02000606,2011,43279,0.059,0,7331,2.7,52,64.4
E02000606,2021,46500,0.054,0,10561,2.5,61.7,21.2
E02000607,2011,39107,0.059,0,7782,2.5,43.4,37.5
E02000607,2021,46200,0.051,0,6793,2.7,55.2,15.6
E02000608,2011,42236,0.07,0,7130,3.4,51.1,53
E02000608,2021,42900,0.073,0,7199,3.2,60.2,21.4
E02000609,2011,32329,0.115,0,7837,3.3,35.4,16.2
E02000609,2021,41800,0.101,0,7627,3.2,45.7,8
E02000610,2011,41193,0.095,0,7270,3.2,50.5,42.7
E02000610,2021,39500,0.098,0,7954,3.3,57.4,15.5
E02000611,2011,35457,0.037,0,8225,2.9,39.7,14.1
E02000611,2021,48900,0.038,0,7440,2.4,50.2,6.1
E02000612,2011,37021,0.061,0,10409,2.7,36.5,13.9
E02000612,2021,43600,0.069,0,8252,2.6,46.8,7.9
E02000613,2011,37543,0.098,0,9390,3.2,46.5,20.9
E02000613,2021,46700,0.08,0,8093,3.2,53.8,10.1
E02000614,2011,30764,0.103,0,7860,3.7,27.5,21.9
E02000614,2021,45100,0.099,0,9294,3.4,40.5,9.4
E02000615,2011,32850,0.08,0,8586,3,26.3,14.6
E02000615,2021,43200,0.067,0,7881,2.9,35.4,8.2
E02000616,2011,33893,0.073,0,7863,2.9,23.5,11.6
E02000616,2021,43100,0.059,0,6061,2.3,33.9,8.1
E02000617,2011,31807,0.123,0,10107,3.7,24.2,13.1
E02000617,2021,40300,0.117,0,8863,2.9,32.6,7
E02000619,2011,32329,0.252,0,6829,6.6,40.5,34.1
E02000619,2021,39800,0.188,1,9099,6,50.6,12.2
E02000620,2011,38064,0.237,0,6993,5.4,50.4,44.5
E02000620,2021,42300,0.164,1,9846,4.5,57.2,17.7
E02000621,2011,38586,0.163,0,7437,5.2,51.6,57.4
E02000621,2021,44000,0.139,1,12520,4.2,61.8,26.7
E02000622,2011,35979,0.215,0,7629,5.2,52.3,39.7
E02000622,2021,41800,0.135,0,8406,4.6,59.6,20
E02000623,2011,30243,0.25,0,7313,7.1,35.6,28.8
E02000623,2021,37000,0.192,1,7859,5.6,45.9,13.9
E02000624,2011,31286,0.278,0,8028,7.3,42.7,32.3
E02000624,2021,40400,0.205,0,9631,6.1,57.3,17.5
E02000625,2011,28157,0.266,0,7841,7.3,35.2,32.9
E02000625,2021,38400,0.213,1,9304,5.6,49.1,15.3
E02000626,2011,25550,0.302,0,8404,9.4,29.9,26.7
E02000626,2021,33500,0.242,0,8362,6.5,43,10.1
E02000627,2011,35457,0.221,0,7471,6.5,49.6,56.4
E02000627,2021,41900,0.171,0,9553,4.2,56.3,19.8
E02000628,2011,26593,0.299,0,6031,7.7,30.7,42
E02000628,2021,33600,0.237,0,10785,5.8,45.5,16.6
E02000629,2011,42236,0.169,0,8537,4.4,59.7,45.8
E02000629,2021,46500,0.119,1,9117,3.4,66,24.5
E02000630,2011,44843,0.153,0,8054,4.5,62.6,37.1
E02000630,2021,47800,0.109,1,7538,3.3,66.9,22.2
E02000631,2011,38586,0.164,0,9370,4.9,51.6,31.9
E02000631,2021,47100,0.126,0,9525,4.4,60.9,14.9
E02000632,2011,46407,0.132,0,10429,3.9,65.5,50.1
E02000632,2021,49300,0.113,0,9586,3.4,71.4,29.5
E02000633,2011,32850,0.281,0,8094,7,46.4,35.8
E02000633,2021,38500,0.187,0,9160,4.8,56,16.9
E02000634,2011,37543,0.219,0,7990,5.3,51.4,33.5
E02000634,2021,41200,0.184,0,6774,4.1,58.7,21.4
E02000635,2011,37021,0.213,0,7976,6.6,53,38.8
E02000635,2021,43900,0.165,0,9812,4.4,63,16.2
E02000636,2011,53707,0.094,0,8361,2.8,69.2,39.2
E02000636,2021,57700,0.073,0,7714,2.8,74,22.9
E02000637,2011,40671,0.178,0,8301,4.9,57.4,42.4
E02000637,2021,45100,0.105,0,8402,3.9,68,21.9
E02000638,2011,32329,0.249,0,9571,6.5,42.5,37.2
E02000638,2021,39400,0.158,0,10254,4.7,52,19.7
E02000639,2011,28157,0.258,0,9731,7.9,33.9,24.6
E02000639,2021,35600,0.187,0,8321,6,47.4,15.7
E02000640,2011,46407,0.137,0,9033,4.5,58.7,39.2
E02000640,2021,48100,0.104,0,9293,3.4,68.6,19.5
E02000641,2011,27114,0.333,0,7266,8.4,31.1,30.3
E02000641,2021,36900,0.242,0,8630,5.7,42,10.5
E02000642,2011,36500,0.179,0,8832,6,48.6,30.4
E02000642,2021,43600,0.149,0,9809,3.7,57.2,12.9
E02000643,2011,37021,0.193,0,9516,5.4,47.9,32.1
E02000643,2021,46500,0.129,0,9378,4.3,59.1,16.7
E02000644,2011,35979,0.178,0,8642,5.9,45.9,31.3
E02000644,2021,44500,0.12,0,8521,4.2,57.9,14.6
E02000645,2011,36500,0.181,0,6846,5.8,48.7,42.9
E02000645,2021,44200,0.137,0,9533,4.4,57.3,13.3
E02000646,2011,37021,0.149,0,9157,4.5,47.7,36.8
E02000646,2021,45300,0.105,0,9499,3.8,58.3,16.1
E02000647,2011,35979,0.169,0,7639,6.1,41.4,28
E02000647,2021,44700,0.118,0,8592,4.3,54.2,11.8
E02000648,2011,28679,0.321,0,8687,9.1,28.8,19.5
E02000648,2021,37000,0.236,0,7825,5.6,41.4,8.8
E02000649,2011,34414,0.19,0,9898,6,44.6,41.9
E02000649,2021,44300,0.129,0,12477,4.7,54.6,16.9
E02000650,2011,32850,0.233,0,8119,7.4,40,22.7
E02000650,2021,39900,0.205,0,7665,5.2,51.1,12.2
E02000651,2011,33371,0.181,0,9123,6.1,41.3,26.3
E02000651,2021,42800,0.122,0,8738,4.4,50.2,13.5
E02000652,2011,29200,0.222,0,8779,6.1,29.2,19.3
E02000652,2021,48800,0.146,0,7559,4.5,41,11.6
E02000653,2011,30243,0.289,0,9628,7.4,38.4,25.6
E02000653,2021,39900,0.189,1,12606,4.9,53.4,16.2
E02000654,2011,25029,0.325,0,8369,8.7,28.2,23.8
E02000654,2021,32500,0.247,0,8789,6.5,45,11.4
E02000655,2011,28679,0.22,0,8620,7.1,36,33.5
E02000655,2021,37300,0.18,0,10281,6.2,47.1,16.1
E02000657,2011,31286,0.201,0,9020,5.2,42.7,41.8
E02000657,2021,38000,0.143,0,9906,4.8,51.9,19.2
E02000658,2011,32329,0.201,0,9121,5.8,45,30
E02000658,2021,40500,0.147,0,8620,5.4,55.3,14.7
E02000659,2011,38064,0.194,0,8483,6.5,49.2,24
E02000659,2021,45900,0.136,0,8063,4.4,60.1,12.2
E02000660,2011,38064,0.178,0,7791,5.5,52.6,38.5
E02000660,2021,41700,0.128,0,8204,4.4,62.7,17.2
E02000661,2011,44321,0.128,0,11181,3.9,57.7,18.2
E02000661,2021,46900,0.099,0,6491,5.1,59.7,13.9
E02000662,2011,30764,0.224,0,7424,6.1,42.3,30.5
E02000662,2021,39000,0.169,0,8295,4.8,53.7,10.5
E02000663,2011,36500,0.154,0,8591,5.4,47,23.5
E02000663,2021,44900,0.127,0,6796,4.6,59.1,12.4
E02000665,2011,38586,0.167,0,7363,5.3,47.4,26.8
E02000665,2021,42900,0.128,0,8155,4.4,55.1,10.8
E02000666,2011,35979,0.163,0,8544,5.2,41.9,21.9
E02000666,2021,42200,0.146,0,7189,4.1,56,11
E02000667,2011,37021,0.13,0,8059,5,45.7,21.3
E02000667,2021,48000,0.092,0,6687,3.5,58,11
E02000668,2011,39107,0.146,0,8208,4.1,44.6,18.8
E02000668,2021,45200,0.104,0,6861,4.3,55.2,9.8
E02000669,2011,35979,0.16,0,9078,6,44.3,25.7
E02000669,2021,42900,0.137,0,7972,5.2,53.5,12.9
E02000670,2011,30764,0.217,0,8314,7.2,31.5,22
E02000670,2021,36000,0.204,0,6706,4.6,44.9,10.5
E02000671,2011,37021,0.162,0,7697,5.6,44.6,30
E02000671,2021,43400,0.135,0,8740,4.3,58.1,12.4
E02000672,2011,29200,0.2,0,8078,7.3,33.9,28.5
E02000672,2021,37700,0.177,0,10272,5.2,49.1,10.1
E02000673,2011,42236,0.129,0,6342,4.7,50.8,32.5
E02000673,2021,45900,0.094,0,8139,4.4,64,12.6
E02000674,2011,32850,0.165,0,8100,5.9,34.2,20
E02000674,2021,44000,0.135,0,8454,4.9,46.5,8.4
E02000675,2011,34414,0.163,0,7194,5.1,33.4,22.1
E02000675,2021,42400,0.124,0,8527,4.1,44.5,9.6
E02000676,2011,35979,0.17,0,9928,5,44.1,19.4
E02000676,2021,45000,0.13,0,7816,3.9,57.5,10.4
E02000677,2011,32329,0.145,0,7916,5.7,34.2,18.6
E02000677,2021,42500,0.129,0,7211,4.6,44.8,8.6
E02000678,2011,28679,0.25,0,7321,6.5,23.5,14.8
E02000678,2021,35500,0.191,0,6961,5,35.5,8.1
E02000679,2011,33893,0.229,0,6534,6.1,39,29.5
E02000679,2021,40300,0.171,0,8134,5.1,50.8,9.2
E02000680,2011,33893,0.245,0,6657,6.4,41.3,29.6
E02000680,2021,40500,0.173,0,7035,5,52.4,9.7
E02000681,2011,28679,0.256,0,7518,6.4,25.1,18.3
E02000681,2021,36900,0.209,0,8473,4.5,38.2,6.5
E02000682,2011,27636,0.267,0,6539,7,22.1,22.4
E02000682,2021,36700,0.21,0,8932,5.5,33.4,7
E02000683,2011,28157,0.264,0,8403,6.7,23.7,15.9
E02000683,2021,35700,0.208,0,6768,5.5,35.7,8.6
E02000685,2011,32329,0.243,0,8377,6.7,36.2,21.8
E02000685,2021,38800,0.176,0,8131,4.4,48.3,9.7
E02000686,2011,26593,0.325,0,8007,8.2,21.4,15.9
E02000686,2021,33200,0.251,0,7536,5.7,35.2,7.7
E02000687,2011,33371,0.209,0,8015,5.5,36.9,25
E02000687,2021,40100,0.165,0,8267,4.7,50.3,9.7
E02000689,2011,46929,0.058,0,8204,2.5,60.4,30.2
E02000689,2021,54700,0.062,0,9054,2.7,66.5,15.3
E02000690,2011,49536,0.037,0,7713,2,60.6,17.8
E02000690,2021,50900,0.043,0,5524,2.2,66.4,11.7
E02000691,2011,46929,0.07,0,7199,2.7,60.6,36.7
E02000691,2021,55400,0.059,0,7355,3.1,66,16.6
E02000692,2011,53707,0.047,0,6087,2.5,66.9,44.6
E02000692,2021,55600,0.038,0,7655,2.3,72.7,17.1
E02000693,2011,40150,0.093,0,7905,3.4,49,42.2
E02000693,2021,45600,0.075,0,9854,3.7,59.3,19.7
E02000694,2011,45886,0.088,0,6847,2.8,58.2,43.1
E02000694,2021,51700,0.081,0,9103,3.1,65.2,16.9
E02000695,2011,30764,0.115,0,8094,4.6,31.5,25.2
E02000695,2021,49900,0.097,0,8641,3.6,44.7,11.9
E02000696,2011,31286,0.161,0,8162,5.5,34.1,29
E02000696,2021,42700,0.124,0,8627,4.7,46,12.6
E02000697,2011,53707,0.044,0,6444,2.8,64.1,49.1
E02000697,2021,52600,0.04,0,8728,3,69.5,19
E02000698,2011,46929,0.044,0,7679,2.3,58.8,23.9
E02000698,2021,53400,0.037,0,8235,2.1,65.8,12.3
E02000699,2011,47450,0.047,0,6681,2.9,58.1,33.7
E02000699,2021,55300,0.04,0,8214,3,66.3,14.3
E02000700,2011,29721,0.217,0,7926,5.9,30.3,26.3
E02000700,2021,38800,0.179,0,8661,4.8,39.9,8.7
E02000701,2011,28157,0.172,0,8258,5,26.6,21.1
E02000701,2021,45000,0.134,0,9009,4.3,36.3,8.5
E02000702,2011,29200,0.194,0,5656,6.7,25,25.4
E02000702,2021,40600,0.164,0,9323,4.7,36.6,7.6
E02000703,2011,41193,0.058,0,7334,2.9,49.8,24.3
E02000703,2021,52200,0.054,0,7964,2.4,59.3,9
E02000704,2011,39629,0.102,0,7662,3.2,45.4,28.2
E02000704,2021,44900,0.089,0,8599,3.4,54.3,14.2
E02000705,2011,29721,0.137,0,9173,5,27.2,16.5
E02000705,2021,45600,0.103,0,9329,3.8,39.8,8.8
E02000706,2011,25550,0.247,0,8730,6.6,22.9,20.2
E02000706,2021,39300,0.208,0,10035,4.1,35,7.2
E02000707,2011,27114,0.22,0,8287,6.8,22.9,15.2
E02000707,2021,37100,0.193,0,8306,4.8,32.5,6.9
E02000708,2011,37543,0.08,0,8072,3.4,41.7,20.6
E02000708,2021,51100,0.066,0,8886,2.8,51,8.8
E02000709,2011,34414,0.069,0,8217,3.1,34,14.7
E02000709,2021,50400,0.06,0,7977,2.7,45.5,8.5
E02000710,2011,28679,0.17,0,7816,5,26.8,22.4
E02000710,2021,41700,0.153,0,9186,4.2,36.3,8.7
E02000711,2011,28679,0.2,0,7689,5.7,26.3,23.3
E02000711,2021,38700,0.144,0,9446,4,40.8,9.5
E02000712,2011,28679,0.183,0,8290,4.7,22.5,20.1
E02000712,2021,36900,0.154,0,9666,3.4,33.9,6.7
E02000713,2011,32850,0.081,0,8416,3.1,22.8,11.1
E02000713,2021,44000,0.053,0,7805,2.7,32.9,7.4
E02000714,2011,28679,0.3,0,7638,7.1,31.8,27.6
E02000714,2021,39400,0.16,1,7711,5.2,41.9,9.8
E02000715,2011,23986,0.374,0,7825,8.4,24.1,24.7
E02000715,2021,30600,0.188,0,7297,4.6,29.6,9.2
E02000716,2011,25550,0.319,0,7742,7.7,30.1,27.7
E02000716,2021,38200,0.178,0,7350,4.8,35.5,8.7
E02000717,2011,23986,0.389,0,8124,6.9,29.2,28.8
E02000717,2021,33000,0.18,0,8357,4.5,31.5,10
E02000718,2011,23986,0.407,0,8605,7.8,24.2,19
E02000718,2021,33300,0.215,0,7406,4.7,31.8,7.4
E02000719,2011,26593,0.291,0,7486,6.7,32.2,37.5
E02000719,2021,38300,0.152,1,8076,5.4,41.8,14.1
E02000720,2011,27636,0.276,0,8286,6.4,32.8,24.6
E02000720,2021,38800,0.143,0,7489,5.5,39,8.8
E02000721,2011,23464,0.324,0,7701,6.6,27.3,36.1
E02000721,2021,34700,0.204,1,9544,5.3,32.5,11
E02000722,2011,29721,0.284,0,8329,6.5,36.6,36.7
E02000722,2021,39000,0.147,1,8140,6.1,42.9,17.4
E02000723,2011,25550,0.341,0,8158,5.9,31.8,33.2
E02000723,2021,37700,0.154,0,11195,4.4,35.3,9.6
E02000724,2011,24507,0.307,0,8709,6.8,28.5,28.8
E02000724,2021,34800,0.169,0,10027,4.5,32.1,8.3
E02000725,2011,30243,0.317,0,7490,6.3,40.2,44.8
E02000725,2021,41300,0.155,1,9987,5.4,46.9,20.5
E02000727,2011,23986,0.301,0,8133,6.1,31.7,28.9
E02000727,2021,33800,0.156,0,8518,4.7,33.8,10.1
E02000728,2011,26071,0.261,0,7381,6.4,32.1,34.3
E02000728,2021,39800,0.146,1,8527,4.5,34.4,9.7
E02000729,2011,27114,0.273,0,7354,6.4,29.7,26.8
E02000729,2021,41800,0.153,1,7327,5,35,9.3
E02000730,2011,25029,0.293,0,8101,6.5,30.9,27.9
E02000730,2021,35400,0.16,0,9930,6,35.5,11.9
E02000731,2011,25550,0.293,0,6844,5.7,34.6,43.1
E02000731,2021,33400,0.148,0,9962,4.5,34.2,10.4
E02000732,2011,23464,0.405,0,8216,7.7,26.4,23.5
E02000732,2021,33400,0.215,0,8900,5.6,33.7,11.2
E02000733,2011,26593,0.357,0,7483,7.3,28.2,33.8
E02000733,2021,32700,0.19,1,10095,5.5,38.2,11.8
E02000734,2011,26071,0.347,0,9665,7.6,29,19.7
E02000734,2021,33800,0.193,1,7302,5.5,36.9,9.3
E02000735,2011,24507,0.343,0,8226,6.5,28.4,25.2
E02000735,2021,33900,0.182,0,8610,4.6,36.7,9.7
E02000736,2011,24507,0.353,0,10600,7.5,24.9,18.9
E02000736,2021,34800,0.193,1,9204,5.2,31.7,8.2
E02000737,2011,26071,0.314,0,9415,6.5,26.5,23.5
E02000737,2021,37400,0.167,0,10379,5.6,34.4,8.2
E02000738,2011,27114,0.266,0,8876,5.6,29.8,23.7
E02000738,2021,37200,0.122,0,9577,4.4,37.2,11.1
E02000739,2011,24507,0.306,0,8892,7.3,27.5,22.5
E02000739,2021,35400,0.177,0,7724,4.6,35.2,10.5
E02000740,2011,25550,0.377,0,8305,9,27.2,21.6
E02000740,2021,33400,0.193,1,6767,6.7,38.4,9.9
E02000741,2011,26593,0.328,0,8227,7.4,26.2,25.6
E02000741,2021,37100,0.152,0,8246,5.1,35.6,8.6
E02000742,2011,26071,0.332,0,7080,7.3,24.6,28.9
E02000742,2021,34700,0.18,0,8705,4.6,33.9,9.7
E02000743,2011,24507,0.412,0,8992,9,21.9,21.2
E02000743,2021,31900,0.23,0,10282,6.3,39.1,10.9
E02000744,2011,26071,0.362,0,10073,7.7,23.3,22.9
E02000744,2021,35100,0.186,0,9173,5,36,11.3
E02000745,2011,26071,0.313,0,7566,6.9,25.9,26.6
E02000745,2021,43300,0.187,0,8598,5,37.9,12.1
E02000746,2011,23986,0.35,0,9754,6.5,28.2,22.4
E02000746,2021,38200,0.184,1,9426,4.9,43.6,19.1
E02000747,2011,30764,0.335,0,7642,6.3,37.8,46.5
E02000747,2021,40800,0.181,1,13097,4.7,53.8,18.3
E02000748,2011,27636,0.239,0,7582,6.1,28.4,26
E02000748,2021,44300,0.137,0,6275,4.6,37.5,11.9
E02000749,2011,25029,0.41,0,8571,7.7,21.9,21
E02000749,2021,35100,0.234,0,9552,5.8,34.7,9.4
E02000751,2011,39629,0.067,0,9434,2.7,41.6,18.6
E02000751,2021,45900,0.048,0,11159,3.2,48.7,8.4
E02000752,2011,28157,0.274,0,8467,6.2,18.3,11.3
E02000752,2021,37100,0.195,0,8782,3.6,35.5,8.8
E02000753,2011,29721,0.223,0,6894,5.6,22.7,12.5
E02000753,2021,41300,0.154,0,6920,4.2,35.8,9.1
E02000754,2011,33893,0.14,0,6779,4.4,32.4,16.2
E02000754,2021,43900,0.096,0,6768,3.5,43.5,8.1
E02000755,2011,32329,0.149,0,8261,4.9,26.8,11.3
E02000755,2021,40800,0.097,0,5483,3.2,36.4,7.6
E02000756,2011,31286,0.153,0,8005,4.6,25.5,29.2
E02000756,2021,42500,0.102,0,14594,3.4,39.2,9.5
E02000757,2011,42236,0.088,0,7866,3.6,46.3,34.7
E02000757,2021,45800,0.063,0,12393,3.6,53.5,11.1
E02000758,2011,30243,0.187,0,8029,5.3,27.1,12.6
E02000758,2021,41200,0.127,0,6885,3.5,38.9,6.2
E02000759,2011,35979,0.152,0,8141,4.9,37,27.8
E02000759,2021,44900,0.103,0,13088,3.2,46.5,8.8
E02000760,2011,29721,0.218,0,7382,5.3,26,16
E02000760,2021,40500,0.157,0,7534,3.2,37.9,7.9
E02000762,2011,33893,0.11,0,10646,4.7,34.7,10
E02000762,2021,42100,0.081,0,6621,3.1,45,7.2
E02000763,2011,31807,0.179,0,6240,5.2,30.8,20
E02000763,2021,41600,0.115,0,8015,4.2,41.7,9.1
E02000764,2011,42236,0.103,0,8183,3.3,50.1,34.1
E02000764,2021,44200,0.078,0,12306,3.2,56.7,10.6
E02000765,2011,33893,0.152,0,10679,4.7,35.6,13.1
E02000765,2021,43200,0.098,0,7526,3.5,45.8,11.3
E02000767,2011,32850,0.173,0,10422,5.1,33.1,14
E02000767,2021,43800,0.103,0,8625,3.7,45.1,10.1
E02000768,2011,42236,0.071,0,6815,3.2,47.4,16.2
E02000768,2021,50100,0.048,0,5788,3.1,56.5,7.5
E02000770,2011,29721,0.204,0,6138,5.1,32.9,23.7
E02000770,2021,40800,0.12,0,8123,4.1,41,8.8
E02000772,2011,29721,0.186,0,6440,6.2,33,31
E02000772,2021,38900,0.124,0,8383,4.5,39.2,9.5
E02000773,2011,29200,0.234,0,5218,5.9,33.8,35.9
E02000773,2021,43000,0.133,1,10733,3.6,42.9,9.8
E02000774,2011,28679,0.235,0,12630,6.6,30.3,12.5
E02000774,2021,40300,0.154,0,8108,4.5,36.5,10.6
E02000776,2011,30764,0.197,0,11516,6.2,36.8,13.6
E02000776,2021,43300,0.126,1,7039,3.6,42.9,8.8
E02000777,2011,38064,0.122,0,5953,3.8,43.3,16.7
E02000777,2021,47800,0.099,0,6003,3.4,52,8.7
E02000779,2011,29200,0.263,0,12044,7.9,37,22.2
E02000779,2021,36700,0.17,1,8416,4.6,40.4,14.8
E02000781,2011,28679,0.191,0,6957,5.6,29.9,34.1
E02000781,2021,40400,0.13,1,16292,4,36.1,7
E02000782,2011,25550,0.323,0,6290,8.3,32.5,39.2
E02000782,2021,36300,0.196,1,11487,4.4,39.9,13.3
E02000783,2011,26071,0.335,0,6928,7.8,29.3,23.4
E02000783,2021,35800,0.229,1,7395,5.3,33.8,9.8
E02000784,2011,43279,0.075,0,11865,3.2,57.5,20.5
E02000784,2021,52300,0.07,0,10130,3.1,63.7,12
E02000785,2011,50579,0.042,0,6319,2.8,66.5,41.2
E02000785,2021,54500,0.04,0,9714,2.6,72,13
E02000786,2011,44321,0.087,0,7616,3.3,57.6,40.2
E02000786,2021,52600,0.074,0,11372,2.9,65.2,13.4
E02000787,2011,43800,0.1,0,5660,3.8,55,51.9
E02000787,2021,53300,0.091,0,12086,3.5,63.9,12.7
E02000788,2011,46929,0.049,0,14257,2.4,60,15.7
E02000788,2021,53100,0.048,0,9095,2.8,67,12
E02000789,2011,49536,0.069,0,7562,2.6,62,25.8
E02000789,2021,53600,0.073,0,6301,3,67.2,15.8
E02000790,2011,56836,0.044,0,7946,2.1,66.3,21.7
E02000790,2021,56900,0.031,0,6585,2.6,70.2,13
E02000791,2011,57357,0.036,0,9198,2.3,65.6,26.2
E02000791,2021,57200,0.033,0,6472,2.8,72.8,19.1
E02000792,2011,53186,0.049,0,7218,2.8,64.6,30
E02000792,2021,55200,0.035,0,7147,2.8,69.3,15.6
E02000793,2011,36500,0.108,0,6372,3.5,36.4,25.5
E02000793,2021,45200,0.078,0,8107,3.4,44.9,8.4
E02000794,2011,45886,0.053,0,5883,2.8,53.5,29.2
E02000794,2021,53000,0.04,0,7015,2.9,61.3,12.3
E02000795,2011,44321,0.058,0,7751,2.6,55.1,21.2
E02000795,2021,55300,0.04,0,6926,2.1,62.9,10
E02000796,2011,32329,0.143,0,14666,4.3,29.8,12.4
E02000796,2021,43900,0.114,0,11087,3.8,38.8,6.7
E02000797,2011,50579,0.048,0,13672,2.3,61.4,17.2
E02000797,2021,51600,0.042,0,7868,2.9,67.4,16.3
E02000798,2011,40150,0.076,0,9289,3,45.1,24.1
E02000798,2021,46400,0.068,0,11308,3,53.6,9.6
E02000799,2011,43800,0.05,0,7255,1.9,52.3,32.2
E02000799,2021,52900,0.041,0,6603,2.4,57.7,18.3
E02000800,2011,35457,0.171,0,10299,5.4,39.5,9.4
E02000800,2021,47000,0.13,0,5410,3,49.6,9.2
E02000801,2011,46407,0.045,0,9695,2.3,58.3,18.3
E02000801,2021,50400,0.045,0,7110,3.3,63.9,10.9
E02000802,2011,43279,0.075,0,10919,2.7,51.4,13.6
E02000802,2021,46000,0.062,0,7022,2.6,60.2,10.5
E02000803,2011,34414,0.133,0,10768,3.6,36.3,15.9
E02000803,2021,40400,0.116,0,9716,3.7,45.3,8.5
E02000804,2011,46407,0.062,0,8692,2.8,57.4,22.4
E02000804,2021,46800,0.05,0,7149,2.9,63.1,12.5
E02000805,2011,41193,0.075,0,6196,3.1,53.6,45.3
E02000805,2021,47000,0.065,0,10755,2.9,62.1,10.6
E02000806,2011,40671,0.077,0,6193,2.8,47.2,30.2
E02000806,2021,46200,0.064,0,10299,2.5,56.7,9.4
E02000807,2011,48493,0.085,0,6137,3.9,57,52.2
E02000807,2021,55500,0.075,1,8227,3.6,65.6,20.9
E02000808,2011,39107,0.137,0,6989,4.4,53.3,63.5
E02000808,2021,48300,0.115,1,10168,3.7,59.6,31
E02000810,2011,33371,0.253,0,8122,6.4,40.9,36.2
E02000810,2021,42000,0.178,0,11896,4.4,54.4,14.8
E02000812,2011,32329,0.21,0,6609,5.3,46,65.5
E02000812,2021,40200,0.183,1,10788,4.1,51.5,17.9
E02000813,2011,31286,0.246,0,6898,6.4,37.7,39.5
E02000813,2021,39800,0.18,1,10223,4.8,53.8,18.2
E02000814,2011,44321,0.121,0,10313,4.2,57.2,34.1
E02000814,2021,55000,0.102,1,10291,4.3,64.8,19.7
E02000815,2011,32329,0.117,0,6979,3.8,48.3,53.7
E02000815,2021,41700,0.16,1,7613,3.6,59.2,30.2
E02000816,2011,30243,0.232,0,10528,7,30.8,24.6
E02000816,2021,37600,0.183,0,9610,5.3,45.5,14.9
E02000817,2011,26071,0.293,0,6415,7.9,25.9,28.5
E02000817,2021,33200,0.236,1,6823,5.2,40.3,13.1
E02000818,2011,28157,0.259,0,5184,6.2,34.9,49.6
E02000818,2021,38100,0.2,1,9791,4.7,53.8,18.8
E02000819,2011,27636,0.252,0,6608,6.5,30.2,36.2
E02000819,2021,34100,0.189,0,8499,5.7,41.5,12.1
E02000820,2011,32329,0.222,0,6747,6.7,41.3,45.4
E02000820,2021,38500,0.164,1,9245,4.9,52.4,17
E02000821,2011,25550,0.272,0,9387,8.3,26.7,23.6
E02000821,2021,34100,0.268,0,9358,7.5,41.8,13
E02000822,2011,26071,0.249,0,7106,8.4,28.4,34.7
E02000822,2021,29800,0.215,1,6719,5.8,42.2,12.6
E02000823,2011,29721,0.242,0,10221,6.6,36.5,25.1
E02000823,2021,36600,0.197,1,8685,5.5,48.6,13
E02000824,2011,25029,0.302,0,9985,8.9,27.2,24.2
E02000824,2021,32800,0.24,0,9903,6.4,41.3,10.5
E02000825,2011,25550,0.328,0,8313,8.5,30.6,28.5
E02000825,2021,33700,0.238,0,10225,6.3,44.4,10.2
E02000826,2011,27636,0.241,0,9102,7.4,35.9,28.9
E02000826,2021,36500,0.207,0,9882,5.2,50,14
E02000827,2011,26071,0.25,0,11711,7.3,34.2,25.4
E02000827,2021,34500,0.197,0,11311,5.7,49.2,11.9
E02000828,2011,25550,0.273,0,9144,8.7,30.3,25.4
E02000828,2021,35400,0.226,0,8813,5.4,46.4,14.9
E02000829,2011,27636,0.305,0,10290,8.5,34.7,32.7
E02000829,2021,35000,0.218,0,10925,4.6,50.9,13.3
E02000830,2011,37021,0.182,0,8591,5.4,52,34.8
E02000830,2021,43000,0.121,0,8884,3.6,64.3,18.5
E02000831,2011,34936,0.201,0,8652,5.3,48.7,33.3
E02000831,2021,41600,0.143,0,9353,3.8,62.4,16
E02000832,2011,29200,0.263,0,6497,6.3,33.9,40
E02000832,2021,35700,0.211,0,9688,5.4,49.5,11.4
E02000833,2011,31807,0.178,0,9043,5.9,41.2,29.3
E02000833,2021,38400,0.14,0,7487,4.2,54.6,11.4
E02000834,2011,41714,0.134,0,6494,4.2,58.6,47.3
E02000834,2021,45700,0.099,0,9388,3.1,67.4,16
E02000835,2011,33893,0.178,0,7534,6.4,43.8,24
E02000835,2021,45000,0.135,0,7680,3.5,58.7,9.7
E02000836,2011,43800,0.118,0,8315,3.9,58.3,29.2
E02000836,2021,50600,0.093,0,8296,3.2,67.4,14.7
E02000837,2011,48493,0.067,0,8503,2.7,65.9,25.9
E02000837,2021,58600,0.049,0,8559,2.3,72.8,11.2
E02000838,2011,38064,0.146,0,8386,4.6,50.3,32
E02000838,2021,43800,0.108,0,9497,3.7,60.8,12.9
E02000839,2011,39629,0.142,0,8111,4.8,50.3,24.7
E02000839,2021,49300,0.125,0,8480,4.4,58.8,10.4
E02000840,2011,26593,0.248,0,7733,5.9,17.4,14.9
E02000840,2021,33200,0.21,0,9321,4.2,29.6,7.7
E02000841,2011,27114,0.205,0,9568,6.1,17.8,15
E02000841,2021,33800,0.178,0,9188,3.8,28.9,6.7
E02000842,2011,31807,0.077,0,9649,2.8,23.2,10.6
E02000842,2021,41800,0.064,0,8279,2.7,32.6,7.4
E02000843,2011,33371,0.139,0,8888,4.6,28.1,16.4
E02000843,2021,40900,0.099,0,9473,3,42.6,11.7
E02000844,2011,29721,0.146,0,10359,4.6,20.1,12.3
E02000844,2021,38900,0.129,0,8657,3.4,31.2,6.3
E02000845,2011,35979,0.09,0,8383,3.5,32.6,19.7
E02000845,2021,45200,0.071,0,9420,3.1,43.1,8
E02000846,2011,32329,0.089,0,10389,3.3,26.1,11.7
E02000846,2021,44800,0.073,0,7615,2.5,38.6,8.4
E02000847,2011,33371,0.066,0,8870,3.1,28.8,14.6
E02000847,2021,39100,0.054,0,9421,2.8,40.1,7.2
E02000848,2011,31807,0.068,0,9378,2.7,22,10.9
E02000848,2021,42600,0.05,0,8139,2.3,33.2,7.2
E02000849,2011,32850,0.119,0,9960,4.1,28.3,13
E02000849,2021,39800,0.094,0,8177,2.5,37.8,7.2
E02000850,2011,32329,0.089,0,7755,3.8,25.1,19
E02000850,2021,40700,0.077,0,10836,3,35.1,6.4
E02000851,2011,31286,0.16,0,9199,5.4,29,22.7
E02000851,2021,37400,0.153,0,11581,4,42.3,14.8
E02000852,2011,34414,0.076,0,7236,4.2,31.3,19.1
E02000852,2021,42700,0.062,0,8146,2.8,40.7,8.7
E02000853,2011,32850,0.096,0,8240,4,28.9,16.3
E02000853,2021,40800,0.093,0,8171,2.8,38.9,8.5
E02000854,2011,36500,0.074,0,9085,3.4,36.3,14.9
E02000854,2021,42900,0.083,0,7611,2.4,46.3,8.2
E02000855,2011,37543,0.052,0,9180,2.6,36.1,13.9
E02000855,2021,41800,0.048,0,8204,2.3,43.5,8.5
E02000856,2011,33371,0.098,0,8036,3.4,34,19.2
E02000856,2021,40700,0.08,0,9330,2.6,42.9,8.9
E02000857,2011,37543,0.084,0,8171,3.9,44,28
E02000857,2021,39000,0.073,0,8995,3.4,48.7,14
E02000858,2011,26593,0.26,0,8721,6.6,20.1,12.6
E02000858,2021,34900,0.232,0,8568,3.6,30.4,6.8
E02000859,2011,32850,0.103,0,7666,3.6,32.6,18.7
E02000859,2021,38400,0.089,0,8488,2.1,39.7,8
E02000860,2011,34414,0.14,0,7495,4,38,29.5
E02000860,2021,36200,0.129,0,8786,3.8,43.6,13.7
E02000861,2011,40150,0.033,0,7779,2.4,43.6,14.5
E02000861,2021,48500,0.034,0,7776,2.2,51.9,7.8
E02000863,2011,34936,0.08,0,8867,3.3,33.1,10.1
E02000863,2021,43000,0.069,0,6738,2.3,41.8,6.2
E02000864,2011,28679,0.379,0,7053,7.8,30.7,34
E02000864,2021,37500,0.237,1,11263,4.4,48.5,14.8
E02000865,2011,27636,0.355,0,8798,7.8,36.2,23.9
E02000865,2021,36800,0.234,1,7961,5.3,43.5,16.9
E02000866,2011,33893,0.271,0,7889,5.6,46.2,43.3
E02000866,2021,41500,0.162,1,10646,3.3,54.9,16.3
E02000867,2011,33371,0.19,0,7485,5.1,49.1,56
E02000867,2021,43800,0.148,1,11328,5.3,56.8,20.3
E02000868,2011,30764,0.279,0,10309,5.6,44.1,25.5
E02000868,2021,39700,0.172,1,7196,4.1,52.1,19.3
E02000869,2011,31286,0.313,0,8330,6.8,43.2,22.3
E02000869,2021,36100,0.206,1,5931,4.7,51.4,17.5
E02000870,2011,31286,0.3,0,7434,6.8,37.9,28.5
E02000870,2021,37200,0.203,0,6371,5.1,46.1,17
E02000871,2011,24507,0.388,0,7592,8.8,28.8,31.2
E02000871,2021,37900,0.249,1,11514,5.4,42.2,15.3
E02000872,2011,28679,0.345,0,7101,6.8,44.4,42.3
E02000872,2021,40200,0.207,1,8145,5.1,51.5,21.9
E02000873,2011,25029,0.285,0,7787,5.7,31.5,62.3
E02000873,2021,41100,0.181,0,9850,4.1,40.4,26.2
E02000874,2011,23464,0.33,0,8176,6.8,30.6,28.9
E02000874,2021,36900,0.235,1,7496,4.5,42.6,18.9
E02000875,2011,23464,0.416,0,7905,8.7,30.5,35.3
E02000875,2021,38000,0.233,1,13571,5.6,43.7,14.3
E02000876,2011,23986,0.342,0,7691,7.2,40.1,35.3
E02000876,2021,38900,0.209,1,7274,4.6,48.7,25.1
E02000877,2011,24507,0.395,0,8165,8.6,30.2,38.6
E02000877,2021,41400,0.225,1,13809,5.4,47.3,16.2
E02000878,2011,24507,0.352,0,7598,7.4,44.4,65.8
E02000878,2021,45800,0.197,1,10433,5.3,53.7,26.1
E02000879,2011,26593,0.367,0,7497,6.3,31,33.5
E02000879,2021,35400,0.224,1,8343,4.6,39.3,15.5
E02000880,2011,26071,0.327,0,6367,6.3,34.1,35.2
E02000880,2021,37400,0.193,1,6514,4.4,42.6,22
E02000881,2011,25550,0.414,0,8297,9.5,24.8,19.8
E02000881,2021,39000,0.276,0,10831,5.3,43.3,16.4
E02000882,2011,25550,0.487,0,7051,9.1,28.8,25.9
E02000882,2021,38500,0.261,0,11501,4.7,39.7,12.4
E02000883,2011,23986,0.457,0,9662,9.8,22.2,20.4
E02000883,2021,36400,0.285,1,9287,4.9,35.3,13.9
E02000884,2011,25550,0.354,0,9761,5.5,51.4,46.2
E02000884,2021,47500,0.151,1,12769,3.7,55.5,28.8
E02000885,2011,25029,0.401,0,6632,8,27.7,28
E02000885,2021,34900,0.262,1,7054,5,35.5,14.4
E02000886,2011,34414,0.265,0,5705,6.1,47.7,44.5
E02000886,2021,51200,0.161,1,9590,4.1,54,21.4
E02000887,2011,25550,0.435,0,6477,8.6,27.7,39.1
E02000887,2021,37100,0.251,1,10801,5.7,41.4,16.3
E02000888,2011,32850,0.412,0,8591,6.2,45.8,31.9
E02000888,2021,52100,0.151,1,8620,4.6,52.4,18.5
E02000889,2011,36500,0.28,0,7501,5.2,50.2,32.8
E02000889,2021,49700,0.148,1,8965,3.8,59.6,23.3
E02000890,2011,54750,0.103,0,8713,3.2,65.9,25.5
E02000890,2021,58200,0.065,1,5815,3.4,69.5,20.7
E02000893,2011,33371,0.25,0,7129,5.9,41.1,30.4
E02000893,2021,45900,0.154,1,7412,5.9,48.4,16
E02000894,2011,41193,0.158,0,9440,5.4,56.5,44.6
E02000894,2021,57200,0.095,1,11007,4.6,59,20.7
E02000895,2011,29200,0.197,0,7037,4.9,20.4,13.4
E02000895,2021,39300,0.155,1,8369,3.1,30.9,6.8
E02000896,2011,37021,0.119,0,9803,4.2,31.1,18.7
E02000896,2021,42600,0.088,0,9328,3.3,40.4,8.5
E02000897,2011,29721,0.258,0,10286,5.4,21.3,10.6
E02000897,2021,39800,0.177,0,8567,4.2,32.9,6.2
E02000898,2011,30243,0.224,0,7634,5,22.6,14.7
E02000898,2021,39500,0.14,0,8011,3.9,34.1,7.7
E02000899,2011,30243,0.153,0,5776,4.7,20.4,21.2
E02000899,2021,43200,0.119,1,8811,3.7,32.6,7.2
E02000900,2011,28157,0.248,0,6909,5.5,20.3,19.8
E02000900,2021,41700,0.161,1,8973,4.6,31.3,6.5
E02000901,2011,34936,0.135,0,8604,4.2,30.6,16
E02000901,2021,46300,0.098,0,10493,3.8,42.8,7.2
E02000902,2011,31286,0.214,0,7950,6,24.5,19.3
E02000902,2021,40700,0.142,1,9960,4.5,39.1,7.4
E02000903,2011,26593,0.356,0,9086,7.7,22.3,19.8
E02000903,2021,37100,0.233,1,10275,5.3,38.6,7.8
E02000904,2011,32329,0.225,0,6895,6.1,29.3,27.2
E02000904,2021,42400,0.121,0,8424,4.2,45.9,9.6
E02000905,2011,30764,0.237,0,7326,5.6,32.4,33.9
E02000905,2021,41800,0.13,1,10473,3.9,48.7,9.2
E02000906,2011,31286,0.268,0,8660,6.1,33.5,26.4
E02000906,2021,37300,0.164,1,9653,4.6,49,11.1
E02000907,2011,27636,0.369,0,8215,9.8,26.3,28.6
E02000907,2021,36000,0.233,0,10580,6.7,41.5,11.1
E02000908,2011,31807,0.23,0,6616,5.2,32.9,46.8
E02000908,2021,36800,0.141,1,12903,4,52.8,16.6
E02000909,2011,33371,0.187,0,5795,5.1,40.4,37.5
E02000909,2021,44600,0.126,0,9247,3.8,53.5,11.7
E02000910,2011,30764,0.226,0,12678,5.7,37.9,26.1
E02000910,2021,40800,0.14,0,11429,4.3,51.8,13.9
E02000911,2011,28679,0.275,0,6783,6.1,34.1,44.7
E02000911,2021,38900,0.173,1,12963,5,49.3,11.8
E02000912,2011,28679,0.28,0,10137,5.8,29,23
E02000912,2021,40800,0.178,1,9742,4.5,42.2,9.5
E02000913,2011,30243,0.22,0,7979,5.4,33,28.5
E02000913,2021,43100,0.134,1,9642,3.7,43.9,8.5
E02000914,2011,25550,0.288,0,8814,7.7,26.7,29.7
E02000914,2021,37800,0.214,1,11798,6.3,36.9,10.6
E02000915,2011,33893,0.202,0,8077,6.4,40.4,33.2
E02000915,2021,43000,0.115,1,8112,4.3,51.4,12.5
E02000916,2011,27636,0.242,0,7750,6.4,27.7,31.9
E02000916,2021,38700,0.163,1,10563,4.4,43.9,13.4
E02000917,2011,30764,0.192,0,7920,5.6,35,34.9
E02000917,2021,41500,0.106,1,9588,4.6,49,14.2
E02000918,2011,30764,0.234,0,8088,6.6,36.9,34.7
E02000918,2021,42600,0.153,1,9323,4.9,47.2,12.7
E02000919,2011,31807,0.205,0,9371,6,33.2,32.3
E02000919,2021,39300,0.109,1,9239,4.6,47,15
E02000920,2011,27636,0.266,0,8231,7.2,29.6,35.2
E02000920,2021,36800,0.174,1,10299,4.9,41,12
E02000921,2011,26071,0.319,0,9043,8.3,28.1,32.5
E02000921,2021,35500,0.194,1,11200,5.4,39.2,11.6
E02000922,2011,28157,0.248,0,8228,6.4,31.6,42.1
E02000922,2021,36500,0.14,1,10461,4.4,43.2,12.7
E02000923,2011,46407,0.106,0,9589,3.1,57.5,29.2
E02000923,2021,51000,0.071,1,7526,2.8,63.7,19.9
E02000925,2011,31807,0.284,0,9248,5.9,39.4,22.4
E02000925,2021,41500,0.195,0,7900,4.3,49.4,15.2
E02000926,2011,43800,0.147,0,9998,4.1,55.3,35
E02000926,2021,50600,0.101,0,11640,3.5,67,22.4
E02000927,2011,40150,0.173,0,10516,4.4,50,24.4
E02000927,2021,46900,0.148,0,7100,3.8,57,18.6
E02000928,2011,50057,0.061,0,8640,2.7,66.5,30.7
E02000928,2021,52400,0.053,0,8356,2.9,71.5,17.8
E02000929,2011,28157,0.331,0,10698,7.1,33.5,18.7
E02000929,2021,35200,0.239,0,8104,5.2,45.7,15.2
E02000930,2011,51621,0.111,0,10872,3.2,65.4,42.5
E02000930,2021,49200,0.062,0,10081,2.8,72.3,28.7
E02000931,2011,58400,0.057,0,9238,2.2,71.4,38.5
E02000931,2021,64500,0.037,0,8815,2.2,77.2,21.9
E02000932,2011,57879,0.053,0,8706,2.2,70,54.4
E02000932,2021,53900,0.05,0,12843,2.8,74.3,24.2
E02000933,2011,46929,0.071,0,10594,2.5,60.1,29.3
E02000933,2021,49600,0.063,0,8867,2.9,67.5,15.8
E02000934,2011,47450,0.134,0,8643,3.3,63.4,45.6
E02000934,2021,49800,0.07,0,8916,3.1,69.1,24.9
E02000935,2011,25550,0.276,0,9485,6.1,23.9,30.2
E02000935,2021,30900,0.211,0,7375,4.2,34.3,18.2
E02000936,2011,49014,0.098,0,9171,3.2,61.8,38.6
E02000936,2021,54600,0.082,0,9366,2.9,68.3,21.9
E02000937,2011,52664,0.067,0,9126,2.8,67.4,30.5
E02000937,2021,58100,0.054,0,8161,2.7,71.4,16.4
E02000938,2011,31807,0.218,0,9221,4.4,40.7,31.5
E02000938,2021,46200,0.153,0,10767,3.9,50.8,12.2
E02000939,2011,53186,0.064,0,9479,2.3,65.8,29.4
E02000939,2021,56700,0.049,0,7819,2.1,73.1,14.1
E02000940,2011,35979,0.202,0,11001,4,47.9,24.5
E02000940,2021,45800,0.157,0,9324,3.5,60.6,18.6
E02000941,2011,43279,0.089,0,10523,3.1,57.5,35.3
E02000941,2021,53200,0.08,0,10174,2.9,66.1,17.2
E02000942,2011,47450,0.064,0,7474,2.4,60.4,42.5
E02000942,2021,58200,0.055,0,9686,2.8,69.1,15.8
E02000943,2011,51100,0.098,0,11131,3.6,66.5,31.7
E02000943,2021,52300,0.073,0,8721,2.3,73.7,24.1
E02000944,2011,33893,0.25,0,7848,4.2,38.6,27.7
E02000944,2021,41300,0.185,0,7638,4.4,48.8,14.1
E02000945,2011,26593,0.26,0,8936,4.7,27,32.4
E02000945,2021,37100,0.185,0,7842,4.5,38.3,14.3
E02000946,2011,39629,0.153,0,6790,4.1,45.8,47.9
E02000946,2021,47700,0.117,0,8435,4.5,57.5,21.6
E02000947,2011,50057,0.078,0,8458,2.6,62.2,36.5
E02000947,2021,53200,0.058,0,9341,3,69.6,17.2
E02000948,2011,47450,0.119,0,7277,3.1,66.3,61.7
E02000948,2021,48500,0.085,0,10027,2.9,72.1,22.9
E02000949,2011,47450,0.07,0,9676,2.3,65.1,39.4
E02000949,2021,55500,0.05,0,10003,2.4,74.2,19.4
E02000950,2011,41193,0.112,0,8474,4.3,49.6,29.5
E02000950,2021,49600,0.106,0,7585,4.5,55.8,15.6
E02000951,2011,43800,0.132,0,10296,4.1,58.7,28
E02000951,2021,47900,0.102,0,6431,3.7,66.7,21.9
E02000952,2011,42236,0.13,0,8781,4.2,57.8,28.1
E02000952,2021,46500,0.112,0,6145,3.2,67.5,19.7
E02000953,2011,44843,0.107,0,9105,2.8,55.4,35.1
E02000953,2021,46500,0.068,0,7505,2.5,64.7,22.4
E02000954,2011,38064,0.151,0,6850,4.4,50,31.5
E02000954,2021,48000,0.11,0,6100,3.1,61.9,18.6
E02000955,2011,31286,0.267,0,8330,5.1,38.3,26.8
E02000955,2021,42600,0.177,0,6889,3.2,55.9,16.6
E02000956,2011,31286,0.231,0,7724,5.3,41.1,41.4
E02000956,2021,41300,0.159,0,7420,3.6,54.9,20.4
E02000957,2011,33893,0.186,0,9546,4.3,45.1,37.8
E02000957,2021,42700,0.126,0,10861,3.2,57.6,19.7
E02000958,2011,34414,0.165,0,7968,4.4,42.5,27.2
E02000958,2021,46100,0.107,0,8276,3.9,51.8,12.4
E02000959,2011,32329,0.239,0,7835,6.6,39.3,25.3
E02000959,2021,40600,0.162,0,7866,4.4,50.4,14.6
E02000960,2011,42757,0.069,0,9941,3.4,51.5,22.2
E02000960,2021,52400,0.068,0,6155,2.9,64.4,19.1
E02000961,2011,38586,0.154,0,9665,4.3,49.5,30.7
E02000961,2021,62200,0.123,0,9814,4.5,57.3,22.4
E02000962,2011,36500,0.116,0,8402,3.6,52,34.8
E02000962,2021,51500,0.126,0,7703,3.2,62.7,20.9
E02000963,2011,27114,0.406,0,7206,7.3,28.6,32.6
E02000963,2021,41000,0.256,0,10522,6.1,39.6,9.3
E02000964,2011,30243,0.345,0,7620,7.3,38.2,48.8
E02000964,2021,42200,0.238,0,12142,5.2,47.9,13.4
E02000965,2011,44321,0.131,0,8795,4.5,58.1,38
E02000965,2021,59100,0.107,0,7876,4.3,68.4,21.4
E02000966,2011,46407,0.088,0,8675,3.2,61.7,38.3
E02000966,2021,60200,0.083,0,9252,3.5,65.7,18.3
E02000967,2011,48493,0.048,0,9877,2.9,61.3,33.2
E02000967,2021,56500,0.041,0,6056,2.4,69.5,28.7
E02000968,2011,25029,0.425,0,9805,7.7,27.1,32.6
E02000968,2021,34300,0.316,0,14478,5,37.4,12.1
E02000969,2011,26593,0.344,0,7578,6.9,30.7,34.6
E02000969,2021,36300,0.298,1,9607,5.4,41.6,12
E02000970,2011,51621,0.033,0,6650,2.4,61.8,52.9
E02000970,2021,63100,0.029,0,6837,2.4,67.6,22.8
E02000971,2011,43279,0.063,0,6257,3.4,56.5,61.2
E02000971,2021,53600,0.071,0,7473,3.4,67.9,28.6
E02000972,2011,40671,0.099,1,7084,4.2,53.9,49.3
E02000972,2021,51100,0.099,1,7879,3,61.6,23.8
E02000973,2011,42236,0.144,0,6429,4,58.8,55.2
E02000973,2021,49300,0.109,1,9955,5.1,63.8,19.1
E02000974,2011,37021,0.08,0,6714,4.7,49.6,54.9
E02000974,2021,50600,0.098,1,8705,2.8,60.2,28.4
E02000975,2011,47971,0.08,0,7705,3.7,65,52.7
E02000975,2021,53700,0.057,1,7417,3.3,68.7,28.3
E02000976,2011,40671,0.114,0,10589,4.7,59.1,43.9
E02000976,2021,50000,0.1,0,8432,4.4,65.7,26.6
E02000977,2011,42236,0.077,1,8271,3.4,50.9,44.9
E02000977,2021,49900,0.107,1,6388,3,59.5,27.3
E02000978,2011,46929,0.012,0,7233,1.5,47.8,69.9
E02000978,2021,55600,0.01,0,7129,1.4,56.1,26.6
E02000979,2011,40671,0.13,1,6620,4.6,52.8,50.7
E02000979,2021,50300,0.13,1,8085,3.5,60.8,20.3
E02000980,2011,37021,0.166,0,9442,5.1,50.2,30.1
E02000980,2021,44800,0.173,0,8724,4.7,56.8,16.1
E02000981,2011,44843,0.095,1,8624,4,62.2,41.2
E02000981,2021,55400,0.104,1,8271,3,64.8,22.3
E02000982,2011,34936,0.163,1,10363,5,43.7,24.3
E02000982,2021,41800,0.185,1,7638,5.1,51.4,14.1
E02000983,2011,38064,0.151,0,12549,4.4,46.6,21.7
E02000983,2021,48600,0.156,0,7695,4.4,52.8,15.5
E02006782,2011,31286,0.151,0,5003,4.7,28.1,23.9
E02006782,2021,37200,0.127,0,8126,3.1,40,7.4
E02006783,2011,26593,0.294,0,5712,7.6,19,21.7
E02006783,2021,31900,0.233,0,7771,5.5,32,7.8
E02006784,2011,27114,0.27,0,7909,7.4,21.2,16.2
E02006784,2021,33700,0.206,0,7968,4.9,31.6,6.7
E02006785,2011,29200,0.113,0,6119,5,18,13.7
E02006785,2021,36700,0.109,0,6624,3.7,29.3,6.3
E02006786,2011,28157,0.236,0,7792,7.6,24.4,18.4
E02006786,2021,34000,0.165,0,7557,4.7,35.7,8.3
E02006787,2011,37021,0.048,0,7344,3.6,35.7,16.8
E02006787,2021,39800,0.069,0,7896,2.7,45.9,8.1
E02006788,2011,28157,0.193,0,9744,6.3,24.8,13
E02006788,2021,37100,0.182,0,7611,4.6,38.6,7.8
E02006789,2011,32850,0.075,0,7333,3,25.5,14.2
E02006789,2021,36300,0.075,0,6782,1.9,27.7,7.1
E02006791,2011,44321,0.137,0,9402,3.8,55,26.8
E02006791,2021,41600,0.113,0,7566,3.8,64.9,15.9
E02006792,2011,47450,0.097,0,7765,3.3,56,41.8
E02006792,2021,41900,0.082,0,8999,3.6,62.5,18.3
E02006793,2011,25029,0.415,0,6166,8,20,32.3
E02006793,2021,36400,0.254,1,9645,6.1,28.3,8.7
E02006794,2011,23986,0.416,0,7699,9.4,21.4,24.2
E02006794,2021,34400,0.271,1,8286,6.1,30.8,8.5
E02006795,2011,33371,0.129,0,5481,4.1,35.6,27.5
E02006795,2021,44600,0.09,0,8269,3.6,43.2,9.4
E02006796,2011,32329,0.122,0,7289,4.5,26.6,22.7
E02006796,2021,39900,0.086,0,9695,3.5,38.9,9.8
E02006798,2011,26593,0.251,0,5669,8.2,33.4,45.6
E02006798,2021,31600,0.228,0,8888,5.5,50.7,13.4
E02006799,2011,26593,0.288,0,6267,7.7,19.3,30.3
E02006799,2021,33400,0.207,0,12041,4.5,30.9,7.1
E02006800,2011,28679,0.222,0,6716,6.5,31.4,44.8
E02006800,2021,38300,0.153,0,14681,4.6,37.7,10.3
E02006801,2011,38586,0.14,0,13490,4.4,49,27.3
E02006801,2021,36500,0.109,1,8567,3.7,54.7,29.2
E02006802,2011,31807,0.197,0,5697,6,40,61.2
E02006802,2021,37000,0.175,1,9276,3.9,54.7,20.8
E02006836,2011,39107,0.043,0,6411,2.3,44.4,24.3
E02006836,2021,38800,0.032,0,8722,2.2,51.6,8.8
E02006853,2011,31807,0.35,0,6560,6.8,52,44.3
E02006853,2021,40800,0.178,1,11015,4.4,61,24.1
E02006854,2011,38064,0.03,0,7015,4.1,64.3,41.6
E02006854,2021,43900,0.083,1,7076,3.6,67.8,32.5
E02006882,2011,31807,0.133,0,7166,4.3,33.4,36.2
E02006882,2021,47000,0.087,1,14394,3.1,40.6,6.8
E02006918,2011,27114,0.34,0,8230,9.1,33.6,24.7
E02006918,2021,35300,0.244,1,8398,6,46,10.8
E02006921,2011,25550,0.379,0,6100,8.1,23.2,25.2
E02006921,2021,32900,0.243,1,7926,4.5,32.7,8.3
E02006924,2011,31286,0.159,0,10032,5.3,37.2,22.9
E02006924,2021,40800,0.125,1,13602,3.7,44.4,8.7
E02006925,2011,34414,0.12,0,9594,4.4,34,20.6
E02006925,2021,43200,0.081,0,14420,3.5,44.1,7
E02006927,2011,33371,0.133,0,8220,5.3,37.1,27.4
E02006927,2021,37800,0.138,0,12367,3.8,52.8,11.9
E02006928,2011,31807,0.32,0,8283,5.8,43,42.9
E02006928,2021,38500,0.143,0,12093,3.7,60.7,23.6
E02006930,2011,41193,0.137,0,9184,4.1,52.9,26.8
E02006930,2021,40000,0.115,1,9846,4,65,18.8
E02006931,2011,37543,0.156,0,6980,4.1,55.4,45.9
E02006931,2021,37100,0.113,0,9462,3.4,61.8,15.7
